application_id,student_id,program_id,applied,accepted,enrolled,completion,satisfaction_score,career_outcome
1,349,192,1.0,1,1.0,1.0,8.0,Academic Position
2,30,86,1.0,0,0.0,0.0,0.0,
3,359,222,1.0,0,0.0,0.0,0.0,
4,338,101,1.0,0,0.0,0.0,0.0,
5,331,226,1.0,1,1.0,1.0,5.0,Research Role
6,427,60,1.0,1,1.0,1.0,7.0,Research Role
7,497,250,1.0,0,0.0,0.0,0.0,
8,316,48,1.0,1,0.0,0.0,0.0,
9,486,117,1.0,1,0.0,0.0,0.0,
10,296,227,1.0,0,0.0,0.0,0.0,
11,449,33,1.0,1,1.0,0.0,0.0,
12,413,44,1.0,1,1.0,1.0,3.0,Industry Job
13,330,165,1.0,0,0.0,0.0,0.0,
14,220,292,1.0,0,0.0,0.0,0.0,
15,377,287,1.0,0,0.0,0.0,0.0,
16,479,225,1.0,1,1.0,1.0,8.0,Further Studies
17,147,286,1.0,1,1.0,1.0,8.0,Industry Job
18,259,204,1.0,1,1.0,1.0,3.0,Industry Job
19,292,172,1.0,0,0.0,0.0,0.0,
20,299,12,1.0,1,1.0,1.0,9.0,Started Company
21,143,121,1.0,1,1.0,1.0,8.0,Started Company
22,481,244,1.0,1,1.0,1.0,1.0,Further Studies
23,425,152,1.0,1,1.0,1.0,8.0,Further Studies
24,235,152,1.0,1,1.0,1.0,4.0,Further Studies
25,115,188,1.0,1,1.0,0.0,0.0,
26,365,13,1.0,1,1.0,1.0,6.0,Further Studies
27,90,91,1.0,1,1.0,1.0,10.0,Further Studies
28,208,200,1.0,0,0.0,0.0,0.0,
29,164,74,1.0,1,1.0,1.0,9.0,Industry Job
30,481,256,1.0,1,0.0,0.0,0.0,
31,84,276,1.0,1,0.0,0.0,0.0,
32,77,71,1.0,0,0.0,0.0,0.0,
33,161,78,1.0,0,0.0,0.0,0.0,
34,5,284,1.0,0,0.0,0.0,0.0,
35,485,130,1.0,0,0.0,0.0,0.0,
36,78,43,1.0,1,1.0,1.0,5.0,Industry Job
37,91,8,1.0,1,0.0,0.0,0.0,
38,87,13,1.0,0,0.0,0.0,0.0,
39,270,213,1.0,0,0.0,0.0,0.0,
40,104,111,1.0,1,1.0,1.0,7.0,Research Role
41,452,291,1.0,0,0.0,0.0,0.0,
42,487,23,1.0,1,1.0,1.0,1.0,Research Role
43,500,254,1.0,0,0.0,0.0,0.0,
44,339,15,1.0,0,0.0,0.0,0.0,
45,175,130,1.0,0,0.0,0.0,0.0,
46,54,61,1.0,0,0.0,0.0,0.0,
47,388,115,1.0,1,1.0,1.0,9.0,Academic Position
48,478,67,1.0,0,0.0,0.0,0.0,
49,211,249,1.0,1,1.0,1.0,6.0,Industry Job
50,95,175,1.0,1,1.0,1.0,4.0,Further Studies
51,223,2,1.0,0,0.0,0.0,0.0,
52,9,172,1.0,0,0.0,0.0,0.0,
53,53,284,1.0,1,1.0,1.0,6.0,Academic Position
54,77,54,1.0,1,0.0,0.0,0.0,
55,206,67,1.0,1,1.0,1.0,5.0,Started Company
56,316,102,1.0,0,0.0,0.0,0.0,
57,302,120,1.0,0,0.0,0.0,0.0,
58,310,191,1.0,0,0.0,0.0,0.0,
59,330,47,1.0,1,0.0,0.0,0.0,
60,112,222,1.0,1,1.0,1.0,3.0,Industry Job
61,351,21,1.0,1,0.0,0.0,0.0,
62,165,158,1.0,1,1.0,1.0,7.0,Research Role
63,279,159,1.0,0,0.0,0.0,0.0,
64,27,235,1.0,1,1.0,1.0,3.0,Industry Job
65,70,150,1.0,1,0.0,0.0,0.0,
66,218,257,1.0,0,0.0,0.0,0.0,
67,450,165,1.0,1,1.0,1.0,2.0,Industry Job
68,365,77,1.0,1,1.0,1.0,4.0,Industry Job
69,189,85,1.0,1,1.0,1.0,7.0,Industry Job
70,333,46,1.0,1,1.0,1.0,5.0,Started Company
71,435,47,1.0,0,0.0,0.0,0.0,
72,306,213,1.0,1,1.0,0.0,0.0,
73,124,59,1.0,0,0.0,0.0,0.0,
74,19,54,1.0,1,1.0,1.0,9.0,Research Role
75,257,12,1.0,0,0.0,0.0,0.0,
76,296,192,1.0,1,1.0,1.0,10.0,Industry Job
77,416,6,1.0,1,1.0,1.0,7.0,Started Company
78,22,144,1.0,1,0.0,0.0,0.0,
79,368,261,1.0,0,0.0,0.0,0.0,
80,477,73,1.0,0,0.0,0.0,0.0,
81,450,174,1.0,1,1.0,1.0,9.0,Academic Position
82,40,232,1.0,1,1.0,1.0,9.0,Industry Job
83,38,270,1.0,1,1.0,1.0,2.0,Started Company
84,48,222,1.0,0,0.0,0.0,0.0,
85,183,52,1.0,1,1.0,1.0,1.0,Further Studies
86,75,116,1.0,1,1.0,1.0,4.0,Academic Position
87,209,26,1.0,1,1.0,1.0,4.0,Research Role
88,183,53,1.0,1,1.0,1.0,2.0,Industry Job
89,435,29,1.0,1,1.0,1.0,3.0,Industry Job
90,107,19,1.0,0,0.0,0.0,0.0,
91,188,279,1.0,0,0.0,0.0,0.0,
92,264,117,1.0,1,1.0,1.0,3.0,Started Company
93,86,106,1.0,0,0.0,0.0,0.0,
94,324,227,1.0,1,1.0,1.0,5.0,Research Role
95,331,186,1.0,1,1.0,1.0,1.0,Further Studies
96,456,261,1.0,1,1.0,1.0,9.0,Academic Position
97,137,16,1.0,1,1.0,1.0,8.0,Research Role
98,346,273,1.0,0,0.0,0.0,0.0,
99,386,160,1.0,0,0.0,0.0,0.0,
100,336,250,1.0,1,1.0,1.0,8.0,Industry Job
101,95,224,1.0,0,0.0,0.0,0.0,
102,326,256,1.0,1,1.0,1.0,3.0,Started Company
103,245,180,1.0,1,1.0,1.0,2.0,Further Studies
104,469,20,1.0,0,0.0,0.0,0.0,
105,90,112,1.0,0,0.0,0.0,0.0,
106,59,120,1.0,1,1.0,1.0,1.0,Started Company
107,403,194,1.0,1,1.0,1.0,6.0,Academic Position
108,28,111,1.0,0,0.0,0.0,0.0,
109,72,210,1.0,1,1.0,1.0,10.0,Research Role
110,270,1,1.0,1,1.0,1.0,1.0,Started Company
111,24,58,1.0,1,0.0,0.0,0.0,
112,112,93,1.0,0,0.0,0.0,0.0,
113,300,221,1.0,0,0.0,0.0,0.0,
114,485,211,1.0,1,1.0,1.0,5.0,Started Company
115,56,232,1.0,1,1.0,1.0,9.0,Industry Job
116,474,262,1.0,1,1.0,1.0,9.0,Started Company
117,223,103,1.0,1,1.0,0.0,0.0,
118,120,50,1.0,1,0.0,0.0,0.0,
119,179,110,1.0,0,0.0,0.0,0.0,
120,288,88,1.0,1,1.0,0.0,0.0,
121,434,20,1.0,1,0.0,0.0,0.0,
122,425,14,1.0,1,1.0,1.0,4.0,Further Studies
123,450,133,1.0,0,0.0,0.0,0.0,
124,281,296,1.0,1,1.0,1.0,7.0,Research Role
125,372,34,1.0,0,0.0,0.0,0.0,
126,492,208,1.0,0,0.0,0.0,0.0,
127,189,199,1.0,1,1.0,1.0,7.0,Academic Position
128,66,80,1.0,1,1.0,1.0,4.0,Started Company
129,298,71,1.0,1,1.0,1.0,5.0,Further Studies
130,449,155,1.0,1,1.0,1.0,9.0,Academic Position
131,420,78,1.0,0,0.0,0.0,0.0,
132,249,78,1.0,0,0.0,0.0,0.0,
133,76,172,1.0,0,0.0,0.0,0.0,
134,137,289,1.0,0,0.0,0.0,0.0,
135,164,33,1.0,1,1.0,1.0,7.0,Further Studies
136,233,300,1.0,1,0.0,0.0,0.0,
137,255,276,1.0,1,1.0,1.0,7.0,Started Company
138,476,7,1.0,0,0.0,0.0,0.0,
139,294,160,1.0,1,1.0,1.0,10.0,Started Company
140,417,240,1.0,1,1.0,0.0,0.0,
141,170,24,1.0,1,1.0,1.0,7.0,Research Role
142,317,214,1.0,0,0.0,0.0,0.0,
143,174,70,1.0,1,1.0,1.0,9.0,Industry Job
144,470,216,1.0,0,0.0,0.0,0.0,
145,345,104,1.0,1,1.0,1.0,5.0,Further Studies
146,445,215,1.0,1,1.0,1.0,6.0,Industry Job
147,18,54,1.0,0,0.0,0.0,0.0,
148,70,294,1.0,1,1.0,1.0,3.0,Industry Job
149,338,203,1.0,0,0.0,0.0,0.0,
150,116,288,1.0,0,0.0,0.0,0.0,
151,80,45,1.0,0,0.0,0.0,0.0,
152,15,198,1.0,1,1.0,1.0,1.0,Academic Position
153,176,216,1.0,1,1.0,1.0,2.0,Academic Position
154,456,184,1.0,1,1.0,1.0,8.0,Further Studies
155,269,27,1.0,1,1.0,1.0,1.0,Industry Job
156,119,166,1.0,1,1.0,1.0,10.0,Research Role
157,299,274,1.0,1,1.0,1.0,7.0,Industry Job
158,188,103,1.0,0,0.0,0.0,0.0,
159,57,104,1.0,0,0.0,0.0,0.0,
160,199,245,1.0,0,0.0,0.0,0.0,
161,17,169,1.0,1,1.0,1.0,5.0,Academic Position
162,434,116,1.0,0,0.0,0.0,0.0,
163,288,141,1.0,0,0.0,0.0,0.0,
164,406,125,1.0,0,0.0,0.0,0.0,
165,55,25,1.0,1,0.0,0.0,0.0,
166,499,194,1.0,1,1.0,1.0,6.0,Industry Job
167,441,100,1.0,1,1.0,1.0,8.0,Started Company
168,269,5,1.0,0,0.0,0.0,0.0,
169,303,19,1.0,0,0.0,0.0,0.0,
170,87,170,1.0,1,1.0,1.0,4.0,Started Company
171,318,274,1.0,1,1.0,1.0,6.0,Research Role
172,438,254,1.0,0,0.0,0.0,0.0,
173,29,121,1.0,1,1.0,1.0,3.0,Further Studies
174,22,32,1.0,1,1.0,1.0,7.0,Industry Job
175,321,149,1.0,0,0.0,0.0,0.0,
176,285,266,1.0,0,0.0,0.0,0.0,
177,48,37,1.0,0,0.0,0.0,0.0,
178,5,177,1.0,1,1.0,1.0,2.0,Started Company
179,250,13,1.0,1,0.0,0.0,0.0,
180,163,183,1.0,1,1.0,1.0,8.0,Further Studies
181,202,145,1.0,1,1.0,1.0,7.0,Started Company
182,467,265,1.0,1,1.0,0.0,0.0,
183,101,88,1.0,1,1.0,1.0,8.0,Further Studies
184,71,46,1.0,0,0.0,0.0,0.0,
185,430,119,1.0,0,0.0,0.0,0.0,
186,163,19,1.0,0,0.0,0.0,0.0,
187,173,220,1.0,1,1.0,1.0,2.0,Further Studies
188,141,233,1.0,0,0.0,0.0,0.0,
189,138,94,1.0,1,1.0,1.0,3.0,Started Company
190,66,251,1.0,0,0.0,0.0,0.0,
191,198,250,1.0,1,1.0,1.0,4.0,Academic Position
192,328,282,1.0,0,0.0,0.0,0.0,
193,228,232,1.0,0,0.0,0.0,0.0,
194,281,46,1.0,1,1.0,1.0,9.0,Further Studies
195,172,46,1.0,1,1.0,1.0,5.0,Industry Job
196,316,14,1.0,1,1.0,1.0,6.0,Started Company
197,431,85,1.0,0,0.0,0.0,0.0,
198,40,3,1.0,0,0.0,0.0,0.0,
199,7,28,1.0,1,1.0,1.0,1.0,Academic Position
200,174,157,1.0,1,1.0,1.0,4.0,Started Company
201,151,175,1.0,0,0.0,0.0,0.0,
202,211,114,1.0,1,1.0,1.0,4.0,Research Role
203,302,250,1.0,1,1.0,1.0,10.0,Industry Job
204,86,59,1.0,1,1.0,0.0,0.0,
205,397,203,1.0,1,1.0,0.0,0.0,
206,253,239,1.0,0,0.0,0.0,0.0,
207,21,234,1.0,1,1.0,1.0,8.0,Research Role
208,257,95,1.0,1,1.0,1.0,8.0,Further Studies
209,379,141,1.0,1,0.0,0.0,0.0,
210,403,113,1.0,0,0.0,0.0,0.0,
211,381,109,1.0,0,0.0,0.0,0.0,
212,444,289,1.0,1,1.0,1.0,10.0,Further Studies
213,33,97,1.0,0,0.0,0.0,0.0,
214,260,16,1.0,1,1.0,1.0,6.0,Research Role
215,234,44,1.0,0,0.0,0.0,0.0,
216,3,230,1.0,1,0.0,0.0,0.0,
217,347,108,1.0,0,0.0,0.0,0.0,
218,308,217,1.0,1,1.0,1.0,8.0,Research Role
219,489,260,1.0,1,1.0,1.0,9.0,Further Studies
220,227,196,1.0,1,1.0,1.0,5.0,Academic Position
221,284,95,1.0,1,1.0,1.0,1.0,Industry Job
222,70,56,1.0,0,0.0,0.0,0.0,
223,454,32,1.0,1,1.0,1.0,1.0,Started Company
224,439,231,1.0,1,1.0,1.0,2.0,Research Role
225,313,9,1.0,1,1.0,1.0,2.0,Industry Job
226,364,191,1.0,1,1.0,1.0,5.0,Started Company
227,471,200,1.0,1,1.0,1.0,7.0,Started Company
228,254,161,1.0,1,0.0,0.0,0.0,
229,481,87,1.0,0,0.0,0.0,0.0,
230,144,21,1.0,1,1.0,1.0,7.0,Research Role
231,24,76,1.0,1,1.0,1.0,4.0,Academic Position
232,453,141,1.0,0,0.0,0.0,0.0,
233,425,126,1.0,1,1.0,1.0,4.0,Academic Position
234,234,251,1.0,0,0.0,0.0,0.0,
235,333,84,1.0,1,0.0,0.0,0.0,
236,175,48,1.0,1,1.0,1.0,10.0,Industry Job
237,332,78,1.0,1,1.0,1.0,3.0,Industry Job
238,325,30,1.0,1,1.0,1.0,2.0,Further Studies
239,357,285,1.0,1,1.0,1.0,3.0,Academic Position
240,159,136,1.0,1,1.0,1.0,8.0,Industry Job
241,348,140,1.0,0,0.0,0.0,0.0,
242,348,41,1.0,1,1.0,0.0,0.0,
243,286,282,1.0,1,1.0,1.0,1.0,Further Studies
244,18,50,1.0,1,1.0,1.0,4.0,Started Company
245,44,258,1.0,0,0.0,0.0,0.0,
246,155,270,1.0,1,1.0,1.0,7.0,Industry Job
247,355,134,1.0,0,0.0,0.0,0.0,
248,410,234,1.0,1,1.0,1.0,5.0,Further Studies
249,377,128,1.0,1,1.0,0.0,0.0,
250,231,104,1.0,1,1.0,1.0,2.0,Academic Position
251,497,254,1.0,1,1.0,1.0,1.0,Started Company
252,371,95,1.0,1,1.0,1.0,6.0,Industry Job
253,316,217,1.0,1,1.0,1.0,5.0,Academic Position
254,402,61,1.0,1,0.0,0.0,0.0,
255,225,268,1.0,1,1.0,1.0,3.0,Started Company
256,217,241,1.0,0,0.0,0.0,0.0,
257,56,13,1.0,0,0.0,0.0,0.0,
258,31,147,1.0,1,1.0,1.0,9.0,Research Role
259,357,240,1.0,1,1.0,1.0,3.0,Academic Position
260,59,89,1.0,0,0.0,0.0,0.0,
261,380,95,1.0,1,1.0,1.0,2.0,Research Role
262,386,293,1.0,0,0.0,0.0,0.0,
263,353,25,1.0,0,0.0,0.0,0.0,
264,423,272,1.0,1,1.0,1.0,5.0,Industry Job
265,445,166,1.0,1,0.0,0.0,0.0,
266,235,250,1.0,1,1.0,0.0,0.0,
267,107,87,1.0,1,0.0,0.0,0.0,
268,191,142,1.0,1,1.0,1.0,9.0,Further Studies
269,480,134,1.0,1,0.0,0.0,0.0,
270,18,279,1.0,0,0.0,0.0,0.0,
271,401,126,1.0,1,0.0,0.0,0.0,
272,226,141,1.0,0,0.0,0.0,0.0,
273,167,103,1.0,1,0.0,0.0,0.0,
274,71,226,1.0,0,0.0,0.0,0.0,
275,362,63,1.0,1,1.0,1.0,8.0,Industry Job
276,54,294,1.0,0,0.0,0.0,0.0,
277,245,254,1.0,1,1.0,1.0,6.0,Academic Position
278,483,180,1.0,0,0.0,0.0,0.0,
279,350,40,1.0,1,1.0,0.0,0.0,
280,76,264,1.0,0,0.0,0.0,0.0,
281,35,189,1.0,0,0.0,0.0,0.0,
282,267,8,1.0,0,0.0,0.0,0.0,
283,317,104,1.0,1,0.0,0.0,0.0,
284,300,225,1.0,1,1.0,1.0,3.0,Research Role
285,121,34,1.0,0,0.0,0.0,0.0,
286,324,236,1.0,0,0.0,0.0,0.0,
287,25,228,1.0,1,1.0,1.0,6.0,Research Role
288,432,188,1.0,0,0.0,0.0,0.0,
289,160,22,1.0,0,0.0,0.0,0.0,
290,84,40,1.0,0,0.0,0.0,0.0,
291,114,173,1.0,0,0.0,0.0,0.0,
292,223,179,1.0,0,0.0,0.0,0.0,
293,388,86,1.0,0,0.0,0.0,0.0,
294,166,133,1.0,1,1.0,1.0,5.0,Started Company
295,191,13,1.0,1,1.0,1.0,1.0,Industry Job
296,175,28,1.0,0,0.0,0.0,0.0,
297,1,84,1.0,1,1.0,1.0,5.0,Industry Job
298,387,280,1.0,0,0.0,0.0,0.0,
299,229,263,1.0,1,1.0,1.0,7.0,Academic Position
300,86,166,1.0,0,0.0,0.0,0.0,
301,62,293,1.0,1,1.0,1.0,9.0,Research Role
302,320,68,1.0,0,0.0,0.0,0.0,
303,401,226,1.0,1,0.0,0.0,0.0,
304,382,170,1.0,0,0.0,0.0,0.0,
305,206,86,1.0,1,1.0,1.0,1.0,Academic Position
306,105,133,1.0,1,1.0,1.0,3.0,Academic Position
307,318,178,1.0,1,1.0,1.0,8.0,Research Role
308,291,252,1.0,1,1.0,1.0,6.0,Academic Position
309,250,15,1.0,1,1.0,1.0,5.0,Research Role
310,13,223,1.0,0,0.0,0.0,0.0,
311,163,201,1.0,0,0.0,0.0,0.0,
312,43,107,1.0,1,1.0,1.0,10.0,Academic Position
313,386,250,1.0,0,0.0,0.0,0.0,
314,440,89,1.0,1,1.0,1.0,2.0,Further Studies
315,111,125,1.0,0,0.0,0.0,0.0,
316,205,113,1.0,1,1.0,1.0,3.0,Academic Position
317,384,137,1.0,1,1.0,1.0,2.0,Academic Position
318,256,247,1.0,1,1.0,1.0,1.0,Further Studies
319,307,166,1.0,1,0.0,0.0,0.0,
320,438,150,1.0,0,0.0,0.0,0.0,
321,144,68,1.0,1,1.0,1.0,7.0,Industry Job
322,146,221,1.0,0,0.0,0.0,0.0,
323,391,271,1.0,1,1.0,1.0,3.0,Research Role
324,301,20,1.0,1,1.0,1.0,7.0,Started Company
325,164,289,1.0,1,1.0,1.0,7.0,Further Studies
326,169,100,1.0,1,1.0,1.0,8.0,Industry Job
327,478,252,1.0,0,0.0,0.0,0.0,
328,298,77,1.0,1,0.0,0.0,0.0,
329,233,135,1.0,1,0.0,0.0,0.0,
330,391,173,1.0,1,0.0,0.0,0.0,
331,271,201,1.0,0,0.0,0.0,0.0,
332,60,217,1.0,1,1.0,0.0,0.0,
333,296,208,1.0,0,0.0,0.0,0.0,
334,467,74,1.0,1,1.0,1.0,1.0,Academic Position
335,235,11,1.0,0,0.0,0.0,0.0,
336,165,287,1.0,1,1.0,0.0,0.0,
337,194,256,1.0,0,0.0,0.0,0.0,
338,234,12,1.0,1,1.0,1.0,5.0,Industry Job
339,368,78,1.0,0,0.0,0.0,0.0,
340,183,172,1.0,1,1.0,1.0,10.0,Further Studies
341,333,96,1.0,0,0.0,0.0,0.0,
342,232,273,1.0,1,1.0,1.0,9.0,Academic Position
343,361,179,1.0,0,0.0,0.0,0.0,
344,491,64,1.0,1,1.0,1.0,7.0,Industry Job
345,107,132,1.0,0,0.0,0.0,0.0,
346,378,272,1.0,0,0.0,0.0,0.0,
347,223,109,1.0,1,1.0,1.0,1.0,Started Company
348,80,273,1.0,0,0.0,0.0,0.0,
349,234,168,1.0,0,0.0,0.0,0.0,
350,381,180,1.0,1,1.0,1.0,8.0,Research Role
351,184,58,1.0,1,1.0,1.0,3.0,Research Role
352,428,79,1.0,1,1.0,1.0,4.0,Further Studies
353,185,61,1.0,0,0.0,0.0,0.0,
354,134,121,1.0,0,0.0,0.0,0.0,
355,220,207,1.0,1,1.0,1.0,4.0,Academic Position
356,288,34,1.0,0,0.0,0.0,0.0,
357,364,70,1.0,1,0.0,0.0,0.0,
358,202,17,1.0,0,0.0,0.0,0.0,
359,370,20,1.0,1,0.0,0.0,0.0,
360,146,69,1.0,1,1.0,1.0,10.0,Academic Position
361,324,215,1.0,1,1.0,1.0,8.0,Research Role
362,127,161,1.0,0,0.0,0.0,0.0,
363,457,102,1.0,1,0.0,0.0,0.0,
364,135,206,1.0,0,0.0,0.0,0.0,
365,114,145,1.0,1,1.0,1.0,1.0,Industry Job
366,264,57,1.0,1,1.0,1.0,8.0,Academic Position
367,64,83,1.0,0,0.0,0.0,0.0,
368,491,269,1.0,1,1.0,1.0,9.0,Started Company
369,135,187,1.0,1,1.0,1.0,9.0,Started Company
370,41,6,1.0,0,0.0,0.0,0.0,
371,296,110,1.0,1,0.0,0.0,0.0,
372,3,138,1.0,0,0.0,0.0,0.0,
373,401,51,1.0,1,0.0,0.0,0.0,
374,194,51,1.0,1,0.0,0.0,0.0,
375,463,87,1.0,1,1.0,1.0,5.0,Academic Position
376,110,68,1.0,0,0.0,0.0,0.0,
377,221,84,1.0,1,1.0,1.0,4.0,Academic Position
378,370,42,1.0,1,1.0,1.0,4.0,Research Role
379,368,219,1.0,1,1.0,0.0,0.0,
380,436,57,1.0,1,1.0,0.0,0.0,
381,406,226,1.0,1,1.0,1.0,9.0,Further Studies
382,4,196,1.0,1,0.0,0.0,0.0,
383,244,248,1.0,1,0.0,0.0,0.0,
384,390,166,1.0,0,0.0,0.0,0.0,
385,166,62,1.0,1,1.0,1.0,8.0,Research Role
386,26,263,1.0,0,0.0,0.0,0.0,
387,395,112,1.0,0,0.0,0.0,0.0,
388,474,253,1.0,1,1.0,1.0,10.0,Further Studies
389,17,199,1.0,1,0.0,0.0,0.0,
390,216,178,1.0,1,1.0,1.0,10.0,Started Company
391,92,26,1.0,1,1.0,1.0,7.0,Further Studies
392,483,246,1.0,1,1.0,1.0,3.0,Research Role
393,31,19,1.0,1,0.0,0.0,0.0,
394,205,265,1.0,1,0.0,0.0,0.0,
395,419,20,1.0,0,0.0,0.0,0.0,
396,400,106,1.0,0,0.0,0.0,0.0,
397,207,237,1.0,0,0.0,0.0,0.0,
398,107,246,1.0,1,0.0,0.0,0.0,
399,146,81,1.0,1,1.0,0.0,0.0,
400,367,150,1.0,0,0.0,0.0,0.0,
401,101,10,1.0,1,1.0,1.0,4.0,Academic Position
402,368,224,1.0,0,0.0,0.0,0.0,
403,318,264,1.0,0,0.0,0.0,0.0,
404,368,149,1.0,1,1.0,1.0,9.0,Further Studies
405,241,278,1.0,1,1.0,1.0,8.0,Research Role
406,489,274,1.0,0,0.0,0.0,0.0,
407,411,194,1.0,1,1.0,1.0,1.0,Started Company
408,247,172,1.0,1,1.0,0.0,0.0,
409,163,265,1.0,1,1.0,1.0,3.0,Further Studies
410,372,26,1.0,0,0.0,0.0,0.0,
411,173,26,1.0,1,1.0,1.0,10.0,Started Company
412,35,34,1.0,0,0.0,0.0,0.0,
413,284,264,1.0,1,1.0,1.0,2.0,Started Company
414,359,138,1.0,1,1.0,1.0,2.0,Industry Job
415,381,183,1.0,1,1.0,1.0,8.0,Further Studies
416,358,242,1.0,0,0.0,0.0,0.0,
417,393,54,1.0,0,0.0,0.0,0.0,
418,460,168,1.0,0,0.0,0.0,0.0,
419,399,119,1.0,1,1.0,1.0,6.0,Research Role
420,21,143,1.0,0,0.0,0.0,0.0,
421,308,81,1.0,0,0.0,0.0,0.0,
422,163,245,1.0,1,0.0,0.0,0.0,
423,490,62,1.0,1,1.0,1.0,6.0,Further Studies
424,97,46,1.0,1,0.0,0.0,0.0,
425,307,87,1.0,0,0.0,0.0,0.0,
426,339,99,1.0,1,1.0,0.0,0.0,
427,55,295,1.0,1,1.0,1.0,4.0,Further Studies
428,471,53,1.0,1,1.0,1.0,1.0,Started Company
429,333,192,1.0,0,0.0,0.0,0.0,
430,127,80,1.0,1,1.0,1.0,7.0,Started Company
431,428,16,1.0,1,1.0,0.0,0.0,
432,193,194,1.0,1,1.0,1.0,8.0,Started Company
433,243,141,1.0,1,1.0,1.0,2.0,Started Company
434,349,108,1.0,0,0.0,0.0,0.0,
435,88,265,1.0,0,0.0,0.0,0.0,
436,336,290,1.0,1,1.0,1.0,2.0,Research Role
437,409,209,1.0,1,0.0,0.0,0.0,
438,215,165,1.0,1,1.0,1.0,1.0,Academic Position
439,92,152,1.0,1,0.0,0.0,0.0,
440,303,290,1.0,1,1.0,1.0,4.0,Industry Job
441,464,268,1.0,1,0.0,0.0,0.0,
442,235,151,1.0,0,0.0,0.0,0.0,
443,184,207,1.0,1,1.0,1.0,6.0,Started Company
444,38,255,1.0,0,0.0,0.0,0.0,
445,139,141,1.0,0,0.0,0.0,0.0,
446,195,96,1.0,1,1.0,1.0,5.0,Started Company
447,15,227,1.0,1,1.0,1.0,4.0,Industry Job
448,257,193,1.0,1,1.0,1.0,4.0,Started Company
449,135,118,1.0,1,1.0,1.0,10.0,Academic Position
450,1,5,1.0,1,1.0,1.0,7.0,Further Studies
451,49,243,1.0,0,0.0,0.0,0.0,
452,96,21,1.0,1,1.0,1.0,7.0,Industry Job
453,201,152,1.0,1,1.0,1.0,2.0,Research Role
454,413,128,1.0,1,1.0,1.0,7.0,Industry Job
455,26,124,1.0,0,0.0,0.0,0.0,
456,343,146,1.0,0,0.0,0.0,0.0,
457,429,277,1.0,1,1.0,0.0,0.0,
458,235,152,1.0,1,1.0,1.0,2.0,Academic Position
459,349,111,1.0,1,1.0,0.0,0.0,
460,244,116,1.0,1,1.0,1.0,4.0,Research Role
461,358,188,1.0,1,0.0,0.0,0.0,
462,481,57,1.0,1,1.0,1.0,1.0,Further Studies
463,327,251,1.0,1,0.0,0.0,0.0,
464,396,150,1.0,1,1.0,1.0,5.0,Started Company
465,351,162,1.0,0,0.0,0.0,0.0,
466,416,120,1.0,1,1.0,1.0,1.0,Industry Job
467,374,70,1.0,1,1.0,1.0,4.0,Research Role
468,404,99,1.0,1,0.0,0.0,0.0,
469,375,167,1.0,0,0.0,0.0,0.0,
470,51,298,1.0,1,1.0,1.0,9.0,Industry Job
471,81,151,1.0,1,0.0,0.0,0.0,
472,36,2,1.0,1,1.0,1.0,8.0,Further Studies
473,67,152,1.0,0,0.0,0.0,0.0,
474,129,65,1.0,1,1.0,1.0,6.0,Industry Job
475,370,69,1.0,1,1.0,1.0,8.0,Research Role
476,155,121,1.0,1,1.0,1.0,5.0,Academic Position
477,245,109,1.0,0,0.0,0.0,0.0,
478,111,247,1.0,1,0.0,0.0,0.0,
479,168,93,1.0,0,0.0,0.0,0.0,
480,481,268,1.0,0,0.0,0.0,0.0,
481,468,103,1.0,1,1.0,1.0,7.0,Research Role
482,142,112,1.0,1,1.0,1.0,8.0,Industry Job
483,356,62,1.0,1,1.0,1.0,7.0,Further Studies
484,197,300,1.0,1,1.0,1.0,4.0,Started Company
485,471,136,1.0,0,0.0,0.0,0.0,
486,109,55,1.0,1,1.0,1.0,5.0,Started Company
487,376,108,1.0,0,0.0,0.0,0.0,
488,79,258,1.0,1,0.0,0.0,0.0,
489,390,253,1.0,1,1.0,0.0,0.0,
490,161,222,1.0,1,1.0,1.0,10.0,Further Studies
491,439,167,1.0,1,0.0,0.0,0.0,
492,19,160,1.0,1,1.0,1.0,6.0,Industry Job
493,127,166,1.0,1,0.0,0.0,0.0,
494,205,205,1.0,0,0.0,0.0,0.0,
495,29,267,1.0,0,0.0,0.0,0.0,
496,445,138,1.0,1,1.0,1.0,6.0,Further Studies
497,454,248,1.0,1,1.0,1.0,9.0,Industry Job
498,207,55,1.0,0,0.0,0.0,0.0,
499,464,209,1.0,0,0.0,0.0,0.0,
500,280,17,1.0,1,0.0,0.0,0.0,
501,151,68,1.0,1,0.0,0.0,0.0,
502,240,133,1.0,0,0.0,0.0,0.0,
503,266,188,1.0,0,0.0,0.0,0.0,
504,182,138,1.0,1,0.0,0.0,0.0,
505,105,174,1.0,1,1.0,1.0,10.0,Research Role
506,425,97,1.0,0,0.0,0.0,0.0,
507,433,171,1.0,0,0.0,0.0,0.0,
508,401,154,1.0,1,1.0,0.0,0.0,
509,497,183,1.0,1,0.0,0.0,0.0,
510,440,242,1.0,1,1.0,1.0,2.0,Academic Position
511,236,285,1.0,1,1.0,1.0,6.0,Industry Job
512,173,27,1.0,0,0.0,0.0,0.0,
513,158,60,1.0,1,1.0,0.0,0.0,
514,172,202,1.0,1,1.0,1.0,3.0,Started Company
515,494,250,1.0,0,0.0,0.0,0.0,
516,458,69,1.0,1,1.0,1.0,2.0,Started Company
517,311,21,1.0,1,1.0,1.0,6.0,Academic Position
518,403,152,1.0,0,0.0,0.0,0.0,
519,157,102,1.0,0,0.0,0.0,0.0,
520,258,95,1.0,0,0.0,0.0,0.0,
521,164,229,1.0,0,0.0,0.0,0.0,
522,147,125,1.0,1,1.0,1.0,4.0,Industry Job
523,391,258,1.0,1,1.0,1.0,5.0,Academic Position
524,154,236,1.0,1,1.0,1.0,5.0,Research Role
525,463,162,1.0,0,0.0,0.0,0.0,
526,367,42,1.0,1,1.0,1.0,3.0,Academic Position
527,38,276,1.0,1,1.0,1.0,4.0,Research Role
528,131,68,1.0,1,0.0,0.0,0.0,
529,358,173,1.0,0,0.0,0.0,0.0,
530,255,125,1.0,0,0.0,0.0,0.0,
531,208,170,1.0,0,0.0,0.0,0.0,
532,450,47,1.0,1,0.0,0.0,0.0,
533,95,261,1.0,1,0.0,0.0,0.0,
534,348,217,1.0,1,1.0,1.0,3.0,Started Company
535,327,124,1.0,1,1.0,1.0,7.0,Research Role
536,478,293,1.0,1,1.0,1.0,1.0,Industry Job
537,171,162,1.0,1,1.0,1.0,6.0,Industry Job
538,250,201,1.0,1,1.0,1.0,4.0,Industry Job
539,190,275,1.0,1,0.0,0.0,0.0,
540,199,206,1.0,0,0.0,0.0,0.0,
541,484,40,1.0,1,1.0,1.0,1.0,Industry Job
542,221,273,1.0,0,0.0,0.0,0.0,
543,24,188,1.0,0,0.0,0.0,0.0,
544,244,93,1.0,1,0.0,0.0,0.0,
545,423,42,1.0,1,0.0,0.0,0.0,
546,324,107,1.0,0,0.0,0.0,0.0,
547,128,65,1.0,1,1.0,0.0,0.0,
548,93,135,1.0,1,1.0,1.0,1.0,Further Studies
549,300,24,1.0,1,1.0,1.0,5.0,Research Role
550,133,28,1.0,1,1.0,1.0,5.0,Industry Job
551,55,62,1.0,1,1.0,1.0,10.0,Academic Position
552,477,273,1.0,1,1.0,1.0,7.0,Academic Position
553,158,229,1.0,1,1.0,1.0,4.0,Further Studies
554,29,20,1.0,1,1.0,1.0,9.0,Research Role
555,410,3,1.0,0,0.0,0.0,0.0,
556,211,218,1.0,1,1.0,0.0,0.0,
557,154,136,1.0,0,0.0,0.0,0.0,
558,293,3,1.0,1,1.0,1.0,4.0,Research Role
559,475,193,1.0,0,0.0,0.0,0.0,
560,222,73,1.0,1,1.0,0.0,0.0,
561,115,118,1.0,1,1.0,1.0,7.0,Research Role
562,437,154,1.0,0,0.0,0.0,0.0,
563,158,209,1.0,1,1.0,1.0,5.0,Further Studies
564,259,34,1.0,0,0.0,0.0,0.0,
565,251,137,1.0,1,1.0,1.0,5.0,Research Role
566,122,120,1.0,1,1.0,1.0,6.0,Research Role
567,299,115,1.0,0,0.0,0.0,0.0,
568,263,13,1.0,1,1.0,1.0,8.0,Industry Job
569,381,69,1.0,0,0.0,0.0,0.0,
570,49,257,1.0,1,1.0,1.0,5.0,Research Role
571,377,89,1.0,1,1.0,1.0,3.0,Industry Job
572,329,47,1.0,0,0.0,0.0,0.0,
573,297,260,1.0,1,0.0,0.0,0.0,
574,362,228,1.0,1,1.0,1.0,6.0,Industry Job
575,77,180,1.0,1,1.0,1.0,2.0,Research Role
576,463,10,1.0,0,0.0,0.0,0.0,
577,438,284,1.0,1,1.0,1.0,8.0,Academic Position
578,127,126,1.0,0,0.0,0.0,0.0,
579,197,134,1.0,1,1.0,0.0,0.0,
580,221,155,1.0,0,0.0,0.0,0.0,
581,483,248,1.0,1,1.0,1.0,8.0,Started Company
582,91,140,1.0,0,0.0,0.0,0.0,
583,411,176,1.0,1,0.0,0.0,0.0,
584,8,174,1.0,1,0.0,0.0,0.0,
585,32,74,1.0,1,1.0,1.0,3.0,Academic Position
586,468,143,1.0,1,1.0,0.0,0.0,
587,320,292,1.0,1,1.0,1.0,8.0,Research Role
588,394,112,1.0,1,0.0,0.0,0.0,
589,269,206,1.0,1,0.0,0.0,0.0,
590,191,131,1.0,1,1.0,0.0,0.0,
591,349,110,1.0,1,0.0,0.0,0.0,
592,163,67,1.0,1,0.0,0.0,0.0,
593,61,86,1.0,0,0.0,0.0,0.0,
594,438,275,1.0,1,1.0,1.0,9.0,Research Role
595,264,227,1.0,0,0.0,0.0,0.0,
596,285,10,1.0,1,1.0,1.0,5.0,Academic Position
597,95,288,1.0,1,1.0,1.0,5.0,Research Role
598,41,112,1.0,1,1.0,1.0,6.0,Industry Job
599,414,24,1.0,0,0.0,0.0,0.0,
600,470,291,1.0,0,0.0,0.0,0.0,
601,149,168,1.0,1,1.0,1.0,7.0,Further Studies
602,204,109,1.0,1,1.0,1.0,3.0,Research Role
603,267,190,1.0,1,1.0,1.0,5.0,Research Role
604,2,196,1.0,1,0.0,0.0,0.0,
605,178,33,1.0,1,1.0,1.0,1.0,Academic Position
606,425,205,1.0,0,0.0,0.0,0.0,
607,194,182,1.0,1,1.0,0.0,0.0,
608,482,147,1.0,0,0.0,0.0,0.0,
609,387,268,1.0,1,0.0,0.0,0.0,
610,336,11,1.0,0,0.0,0.0,0.0,
611,435,70,1.0,1,1.0,0.0,0.0,
612,196,256,1.0,0,0.0,0.0,0.0,
613,343,219,1.0,1,1.0,1.0,10.0,Industry Job
614,249,297,1.0,0,0.0,0.0,0.0,
615,498,259,1.0,1,1.0,1.0,5.0,Academic Position
616,212,3,1.0,1,1.0,1.0,4.0,Academic Position
617,153,84,1.0,0,0.0,0.0,0.0,
618,158,156,1.0,1,1.0,1.0,1.0,Research Role
619,466,151,1.0,1,1.0,1.0,7.0,Industry Job
620,362,176,1.0,0,0.0,0.0,0.0,
621,139,195,1.0,0,0.0,0.0,0.0,
622,221,107,1.0,1,1.0,1.0,1.0,Research Role
623,273,134,1.0,0,0.0,0.0,0.0,
624,154,276,1.0,0,0.0,0.0,0.0,
625,249,155,1.0,0,0.0,0.0,0.0,
626,279,277,1.0,1,1.0,1.0,8.0,Research Role
627,440,236,1.0,1,1.0,1.0,10.0,Research Role
628,436,240,1.0,0,0.0,0.0,0.0,
629,304,13,1.0,1,0.0,0.0,0.0,
630,276,35,1.0,1,1.0,1.0,2.0,Research Role
631,493,47,1.0,0,0.0,0.0,0.0,
632,2,214,1.0,0,0.0,0.0,0.0,
633,88,146,1.0,1,1.0,1.0,10.0,Further Studies
634,287,159,1.0,1,0.0,0.0,0.0,
635,411,125,1.0,0,0.0,0.0,0.0,
636,130,110,1.0,1,1.0,1.0,5.0,Started Company
637,78,37,1.0,1,1.0,1.0,6.0,Industry Job
638,260,277,1.0,0,0.0,0.0,0.0,
639,241,14,1.0,1,1.0,1.0,9.0,Further Studies
640,141,232,1.0,1,0.0,0.0,0.0,
641,228,124,1.0,1,1.0,1.0,7.0,Started Company
642,163,279,1.0,1,1.0,1.0,6.0,Started Company
643,236,111,1.0,0,0.0,0.0,0.0,
644,128,124,1.0,1,1.0,1.0,5.0,Started Company
645,200,30,1.0,1,0.0,0.0,0.0,
646,450,115,1.0,1,1.0,1.0,6.0,Further Studies
647,390,90,1.0,0,0.0,0.0,0.0,
648,31,212,1.0,1,1.0,1.0,4.0,Industry Job
649,138,38,1.0,0,0.0,0.0,0.0,
650,492,83,1.0,0,0.0,0.0,0.0,
651,21,27,1.0,0,0.0,0.0,0.0,
652,234,217,1.0,1,1.0,1.0,1.0,Academic Position
653,202,215,1.0,0,0.0,0.0,0.0,
654,279,221,1.0,1,1.0,1.0,9.0,Started Company
655,131,15,1.0,0,0.0,0.0,0.0,
656,416,259,1.0,0,0.0,0.0,0.0,
657,148,266,1.0,0,0.0,0.0,0.0,
658,458,120,1.0,0,0.0,0.0,0.0,
659,29,128,1.0,1,1.0,1.0,5.0,Academic Position
660,361,211,1.0,1,1.0,1.0,8.0,Academic Position
661,308,11,1.0,1,1.0,1.0,7.0,Research Role
662,371,176,1.0,1,1.0,1.0,8.0,Academic Position
663,430,133,1.0,1,1.0,1.0,1.0,Research Role
664,162,14,1.0,1,1.0,0.0,0.0,
665,357,50,1.0,0,0.0,0.0,0.0,
666,340,72,1.0,1,0.0,0.0,0.0,
667,61,69,1.0,1,1.0,1.0,9.0,Industry Job
668,125,16,1.0,0,0.0,0.0,0.0,
669,456,56,1.0,0,0.0,0.0,0.0,
670,71,105,1.0,0,0.0,0.0,0.0,
671,326,132,1.0,1,1.0,1.0,1.0,Industry Job
672,395,48,1.0,1,0.0,0.0,0.0,
673,364,248,1.0,1,1.0,1.0,3.0,Research Role
674,466,273,1.0,1,0.0,0.0,0.0,
675,243,111,1.0,1,1.0,1.0,8.0,Industry Job
676,490,38,1.0,1,1.0,1.0,1.0,Started Company
677,249,240,1.0,0,0.0,0.0,0.0,
678,221,121,1.0,1,1.0,1.0,1.0,Industry Job
679,473,48,1.0,1,1.0,0.0,0.0,
680,447,10,1.0,1,1.0,1.0,6.0,Research Role
681,21,233,1.0,1,1.0,1.0,5.0,Started Company
682,494,36,1.0,1,1.0,1.0,6.0,Academic Position
683,387,4,1.0,0,0.0,0.0,0.0,
684,82,44,1.0,1,1.0,1.0,3.0,Academic Position
685,344,56,1.0,1,1.0,1.0,10.0,Academic Position
686,367,42,1.0,1,1.0,1.0,10.0,Research Role
687,486,255,1.0,0,0.0,0.0,0.0,
688,10,228,1.0,0,0.0,0.0,0.0,
689,411,114,1.0,1,1.0,1.0,6.0,Academic Position
690,12,237,1.0,0,0.0,0.0,0.0,
691,263,174,1.0,0,0.0,0.0,0.0,
692,145,255,1.0,1,1.0,1.0,2.0,Industry Job
693,449,277,1.0,1,1.0,1.0,8.0,Academic Position
694,192,69,1.0,0,0.0,0.0,0.0,
695,250,230,1.0,1,1.0,1.0,6.0,Further Studies
696,114,67,1.0,1,0.0,0.0,0.0,
697,26,36,1.0,0,0.0,0.0,0.0,
698,271,159,1.0,1,1.0,1.0,4.0,Further Studies
699,499,149,1.0,1,1.0,1.0,4.0,Academic Position
700,33,27,1.0,1,1.0,1.0,7.0,Academic Position
701,62,72,1.0,1,1.0,1.0,3.0,Further Studies
702,229,248,1.0,1,1.0,1.0,3.0,Academic Position
703,303,101,1.0,1,0.0,0.0,0.0,
704,95,190,1.0,0,0.0,0.0,0.0,
705,35,96,1.0,1,1.0,0.0,0.0,
706,193,282,1.0,1,1.0,1.0,6.0,Started Company
707,456,278,1.0,1,1.0,1.0,9.0,Further Studies
708,76,17,1.0,1,1.0,1.0,1.0,Research Role
709,379,263,1.0,0,0.0,0.0,0.0,
710,249,107,1.0,1,0.0,0.0,0.0,
711,83,68,1.0,1,1.0,1.0,5.0,Further Studies
712,25,128,1.0,1,1.0,1.0,1.0,Industry Job
713,57,293,1.0,0,0.0,0.0,0.0,
714,32,294,1.0,1,1.0,1.0,1.0,Started Company
715,319,96,1.0,1,1.0,1.0,3.0,Research Role
716,12,1,1.0,1,1.0,1.0,3.0,Academic Position
717,319,298,1.0,1,0.0,0.0,0.0,
718,333,180,1.0,1,1.0,1.0,4.0,Industry Job
719,92,181,1.0,1,1.0,1.0,3.0,Industry Job
720,1,235,1.0,1,1.0,1.0,6.0,Started Company
721,435,8,1.0,1,1.0,1.0,4.0,Research Role
722,326,27,1.0,1,1.0,1.0,8.0,Industry Job
723,136,146,1.0,1,1.0,1.0,1.0,Research Role
724,196,91,1.0,1,0.0,0.0,0.0,
725,133,272,1.0,1,1.0,1.0,8.0,Research Role
726,473,5,1.0,0,0.0,0.0,0.0,
727,86,82,1.0,1,0.0,0.0,0.0,
728,476,219,1.0,1,1.0,1.0,1.0,Industry Job
729,295,118,1.0,1,1.0,1.0,1.0,Research Role
730,279,81,1.0,0,0.0,0.0,0.0,
731,324,70,1.0,0,0.0,0.0,0.0,
732,180,115,1.0,0,0.0,0.0,0.0,
733,4,263,1.0,0,0.0,0.0,0.0,
734,126,142,1.0,1,1.0,1.0,7.0,Started Company
735,175,207,1.0,0,0.0,0.0,0.0,
736,251,111,1.0,0,0.0,0.0,0.0,
737,21,112,1.0,0,0.0,0.0,0.0,
738,485,43,1.0,1,1.0,0.0,0.0,
739,440,285,1.0,1,1.0,1.0,1.0,Industry Job
740,105,128,1.0,0,0.0,0.0,0.0,
741,66,185,1.0,1,1.0,1.0,9.0,Started Company
742,443,229,1.0,1,1.0,1.0,8.0,Started Company
743,263,221,1.0,0,0.0,0.0,0.0,
744,49,117,1.0,1,1.0,1.0,1.0,Research Role
745,16,70,1.0,0,0.0,0.0,0.0,
746,145,70,1.0,1,1.0,1.0,2.0,Research Role
747,340,110,1.0,0,0.0,0.0,0.0,
748,250,132,1.0,1,1.0,1.0,2.0,Industry Job
749,343,56,1.0,0,0.0,0.0,0.0,
750,354,89,1.0,1,1.0,1.0,2.0,Academic Position
751,75,137,1.0,1,0.0,0.0,0.0,
752,290,131,1.0,0,0.0,0.0,0.0,
753,417,218,1.0,1,1.0,1.0,6.0,Industry Job
754,282,176,1.0,1,0.0,0.0,0.0,
755,66,171,1.0,1,1.0,1.0,4.0,Started Company
756,125,100,1.0,0,0.0,0.0,0.0,
757,319,129,1.0,0,0.0,0.0,0.0,
758,87,57,1.0,1,0.0,0.0,0.0,
759,41,181,1.0,1,0.0,0.0,0.0,
760,470,246,1.0,1,1.0,1.0,8.0,Research Role
761,186,144,1.0,0,0.0,0.0,0.0,
762,354,51,1.0,0,0.0,0.0,0.0,
763,380,218,1.0,1,1.0,1.0,1.0,Started Company
764,335,104,1.0,1,1.0,1.0,10.0,Further Studies
765,266,55,1.0,1,1.0,1.0,4.0,Further Studies
766,271,257,1.0,0,0.0,0.0,0.0,
767,42,156,1.0,0,0.0,0.0,0.0,
768,93,53,1.0,0,0.0,0.0,0.0,
769,185,187,1.0,0,0.0,0.0,0.0,
770,215,150,1.0,0,0.0,0.0,0.0,
771,17,264,1.0,1,1.0,1.0,10.0,Started Company
772,444,250,1.0,1,1.0,1.0,5.0,Academic Position
773,265,298,1.0,1,1.0,0.0,0.0,
774,114,211,1.0,0,0.0,0.0,0.0,
775,292,25,1.0,0,0.0,0.0,0.0,
776,457,294,1.0,1,1.0,1.0,9.0,Academic Position
777,464,152,1.0,1,1.0,1.0,5.0,Industry Job
778,292,24,1.0,1,1.0,1.0,3.0,Industry Job
779,48,252,1.0,1,0.0,0.0,0.0,
780,307,60,1.0,1,1.0,1.0,4.0,Industry Job
781,97,66,1.0,1,0.0,0.0,0.0,
782,375,53,1.0,0,0.0,0.0,0.0,
783,95,106,1.0,1,1.0,1.0,10.0,Research Role
784,326,96,1.0,0,0.0,0.0,0.0,
785,74,176,1.0,1,1.0,1.0,7.0,Academic Position
786,336,39,1.0,1,1.0,1.0,1.0,Started Company
787,68,168,1.0,1,1.0,1.0,6.0,Further Studies
788,246,42,1.0,0,0.0,0.0,0.0,
789,406,104,1.0,1,1.0,1.0,8.0,Academic Position
790,77,204,1.0,1,1.0,1.0,1.0,Academic Position
791,208,8,1.0,1,1.0,1.0,8.0,Academic Position
792,372,282,1.0,1,1.0,1.0,7.0,Industry Job
793,254,43,1.0,1,1.0,1.0,1.0,Research Role
794,221,110,1.0,0,0.0,0.0,0.0,
795,262,210,1.0,1,1.0,1.0,9.0,Started Company
796,410,237,1.0,0,0.0,0.0,0.0,
797,331,49,1.0,0,0.0,0.0,0.0,
798,344,115,1.0,1,1.0,1.0,3.0,Industry Job
799,477,155,1.0,1,1.0,0.0,0.0,
800,259,137,1.0,0,0.0,0.0,0.0,
801,308,167,1.0,0,0.0,0.0,0.0,
802,74,199,1.0,0,0.0,0.0,0.0,
803,125,71,1.0,1,1.0,1.0,2.0,Research Role
804,188,7,1.0,0,0.0,0.0,0.0,
805,254,200,1.0,0,0.0,0.0,0.0,
806,447,67,1.0,0,0.0,0.0,0.0,
807,321,138,1.0,1,1.0,1.0,7.0,Academic Position
808,308,242,1.0,1,1.0,1.0,3.0,Research Role
809,235,213,1.0,0,0.0,0.0,0.0,
810,474,181,1.0,1,1.0,1.0,1.0,Industry Job
811,250,254,1.0,0,0.0,0.0,0.0,
812,332,101,1.0,1,1.0,1.0,10.0,Academic Position
813,398,87,1.0,1,1.0,1.0,3.0,Industry Job
814,345,185,1.0,0,0.0,0.0,0.0,
815,72,91,1.0,0,0.0,0.0,0.0,
816,235,248,1.0,1,1.0,1.0,6.0,Started Company
817,324,214,1.0,0,0.0,0.0,0.0,
818,156,249,1.0,1,1.0,1.0,3.0,Academic Position
819,455,126,1.0,1,1.0,0.0,0.0,
820,394,4,1.0,0,0.0,0.0,0.0,
821,115,88,1.0,1,1.0,1.0,5.0,Research Role
822,313,151,1.0,1,1.0,0.0,0.0,
823,228,176,1.0,1,0.0,0.0,0.0,
824,322,211,1.0,0,0.0,0.0,0.0,
825,346,259,1.0,1,0.0,0.0,0.0,
826,245,91,1.0,1,1.0,1.0,9.0,Industry Job
827,306,259,1.0,1,1.0,1.0,7.0,Further Studies
828,14,191,1.0,1,1.0,1.0,2.0,Research Role
829,16,81,1.0,0,0.0,0.0,0.0,
830,438,138,1.0,1,1.0,1.0,1.0,Research Role
831,427,126,1.0,1,1.0,1.0,7.0,Academic Position
832,42,230,1.0,0,0.0,0.0,0.0,
833,465,20,1.0,1,0.0,0.0,0.0,
834,110,49,1.0,0,0.0,0.0,0.0,
835,278,135,1.0,0,0.0,0.0,0.0,
836,324,29,1.0,1,1.0,1.0,4.0,Research Role
837,19,48,1.0,0,0.0,0.0,0.0,
838,66,269,1.0,0,0.0,0.0,0.0,
839,167,3,1.0,1,1.0,1.0,7.0,Industry Job
840,73,258,1.0,1,1.0,1.0,6.0,Further Studies
841,403,16,1.0,1,0.0,0.0,0.0,
842,400,94,1.0,1,1.0,1.0,7.0,Started Company
843,310,134,1.0,0,0.0,0.0,0.0,
844,409,133,1.0,1,1.0,1.0,4.0,Further Studies
845,112,32,1.0,1,1.0,1.0,3.0,Industry Job
846,274,269,1.0,1,1.0,1.0,5.0,Academic Position
847,407,25,1.0,1,1.0,1.0,3.0,Industry Job
848,373,59,1.0,1,1.0,1.0,3.0,Research Role
849,85,213,1.0,0,0.0,0.0,0.0,
850,139,156,1.0,1,0.0,0.0,0.0,
851,39,276,1.0,1,1.0,1.0,4.0,Academic Position
852,105,210,1.0,0,0.0,0.0,0.0,
853,324,57,1.0,0,0.0,0.0,0.0,
854,281,185,1.0,1,1.0,1.0,8.0,Started Company
855,447,54,1.0,0,0.0,0.0,0.0,
856,480,209,1.0,0,0.0,0.0,0.0,
857,414,293,1.0,1,1.0,1.0,2.0,Started Company
858,429,252,1.0,1,0.0,0.0,0.0,
859,123,112,1.0,1,1.0,1.0,4.0,Industry Job
860,218,6,1.0,1,0.0,0.0,0.0,
861,377,191,1.0,1,0.0,0.0,0.0,
862,61,279,1.0,1,1.0,1.0,3.0,Research Role
863,100,13,1.0,0,0.0,0.0,0.0,
864,307,44,1.0,1,1.0,1.0,7.0,Started Company
865,354,105,1.0,1,0.0,0.0,0.0,
866,393,160,1.0,0,0.0,0.0,0.0,
867,204,154,1.0,0,0.0,0.0,0.0,
868,258,242,1.0,1,0.0,0.0,0.0,
869,486,181,1.0,0,0.0,0.0,0.0,
870,5,14,1.0,0,0.0,0.0,0.0,
871,446,180,1.0,1,1.0,1.0,2.0,Further Studies
872,197,292,1.0,1,1.0,1.0,1.0,Academic Position
873,180,264,1.0,1,1.0,1.0,10.0,Further Studies
874,342,168,1.0,0,0.0,0.0,0.0,
875,133,214,1.0,0,0.0,0.0,0.0,
876,443,150,1.0,1,1.0,1.0,1.0,Started Company
877,324,16,1.0,0,0.0,0.0,0.0,
878,253,91,1.0,1,1.0,1.0,6.0,Started Company
879,265,120,1.0,0,0.0,0.0,0.0,
880,93,253,1.0,1,0.0,0.0,0.0,
881,150,60,1.0,1,0.0,0.0,0.0,
882,411,266,1.0,0,0.0,0.0,0.0,
883,138,31,1.0,1,1.0,1.0,3.0,Industry Job
884,208,21,1.0,0,0.0,0.0,0.0,
885,490,219,1.0,0,0.0,0.0,0.0,
886,125,81,1.0,1,0.0,0.0,0.0,
887,234,289,1.0,0,0.0,0.0,0.0,
888,61,31,1.0,1,1.0,1.0,7.0,Industry Job
889,307,234,1.0,0,0.0,0.0,0.0,
890,266,36,1.0,0,0.0,0.0,0.0,
891,134,132,1.0,0,0.0,0.0,0.0,
892,318,132,1.0,1,1.0,1.0,8.0,Academic Position
893,113,9,1.0,1,1.0,1.0,5.0,Industry Job
894,389,30,1.0,0,0.0,0.0,0.0,
895,378,115,1.0,0,0.0,0.0,0.0,
896,454,4,1.0,1,1.0,0.0,0.0,
897,191,237,1.0,1,1.0,1.0,5.0,Research Role
898,379,23,1.0,1,0.0,0.0,0.0,
899,440,16,1.0,1,1.0,1.0,2.0,Academic Position
900,187,22,1.0,1,0.0,0.0,0.0,
901,319,72,1.0,0,0.0,0.0,0.0,
902,367,230,1.0,0,0.0,0.0,0.0,
903,89,107,1.0,0,0.0,0.0,0.0,
904,187,208,1.0,1,1.0,1.0,8.0,Research Role
905,307,208,1.0,1,1.0,0.0,0.0,
906,434,263,1.0,1,0.0,0.0,0.0,
907,132,51,1.0,0,0.0,0.0,0.0,
908,360,65,1.0,1,1.0,1.0,10.0,Industry Job
909,123,265,1.0,1,0.0,0.0,0.0,
910,48,175,1.0,1,1.0,1.0,1.0,Academic Position
911,288,152,1.0,0,0.0,0.0,0.0,
912,376,266,1.0,1,1.0,1.0,10.0,Started Company
913,179,163,1.0,0,0.0,0.0,0.0,
914,180,238,1.0,1,0.0,0.0,0.0,
915,99,199,1.0,1,0.0,0.0,0.0,
916,330,16,1.0,0,0.0,0.0,0.0,
917,34,296,1.0,1,1.0,1.0,9.0,Further Studies
918,420,276,1.0,0,0.0,0.0,0.0,
919,70,239,1.0,1,1.0,1.0,1.0,Started Company
920,171,69,1.0,0,0.0,0.0,0.0,
921,366,6,1.0,1,0.0,0.0,0.0,
922,272,220,1.0,1,1.0,1.0,1.0,Research Role
923,59,254,1.0,0,0.0,0.0,0.0,
924,181,295,1.0,1,1.0,1.0,1.0,Started Company
925,19,107,1.0,1,0.0,0.0,0.0,
926,226,295,1.0,0,0.0,0.0,0.0,
927,473,118,1.0,1,1.0,1.0,7.0,Started Company
928,95,168,1.0,1,1.0,1.0,4.0,Further Studies
929,369,251,1.0,1,1.0,1.0,7.0,Further Studies
930,297,82,1.0,1,1.0,1.0,5.0,Started Company
931,81,54,1.0,1,0.0,0.0,0.0,
932,175,240,1.0,1,1.0,1.0,7.0,Further Studies
933,222,12,1.0,1,1.0,1.0,10.0,Started Company
934,103,209,1.0,1,0.0,0.0,0.0,
935,54,165,1.0,0,0.0,0.0,0.0,
936,183,294,1.0,1,0.0,0.0,0.0,
937,351,7,1.0,1,1.0,1.0,7.0,Academic Position
938,403,78,1.0,1,1.0,1.0,4.0,Started Company
939,318,65,1.0,1,1.0,0.0,0.0,
940,355,102,1.0,0,0.0,0.0,0.0,
941,349,300,1.0,1,1.0,1.0,2.0,Industry Job
942,443,287,1.0,1,1.0,1.0,8.0,Further Studies
943,321,171,1.0,1,1.0,1.0,2.0,Further Studies
944,68,77,1.0,0,0.0,0.0,0.0,
945,28,48,1.0,0,0.0,0.0,0.0,
946,274,255,1.0,1,0.0,0.0,0.0,
947,282,82,1.0,1,1.0,1.0,9.0,Research Role
948,360,209,1.0,0,0.0,0.0,0.0,
949,403,209,1.0,0,0.0,0.0,0.0,
950,311,84,1.0,1,1.0,1.0,5.0,Research Role
951,119,10,1.0,0,0.0,0.0,0.0,
952,380,29,1.0,0,0.0,0.0,0.0,
953,441,116,1.0,1,1.0,1.0,9.0,Industry Job
954,134,269,1.0,1,1.0,1.0,9.0,Further Studies
955,129,47,1.0,0,0.0,0.0,0.0,
956,8,91,1.0,1,1.0,1.0,8.0,Further Studies
957,481,53,1.0,0,0.0,0.0,0.0,
958,51,218,1.0,0,0.0,0.0,0.0,
959,491,77,1.0,0,0.0,0.0,0.0,
960,341,204,1.0,1,1.0,1.0,8.0,Research Role
961,472,44,1.0,0,0.0,0.0,0.0,
962,281,156,1.0,1,1.0,1.0,4.0,Research Role
963,175,2,1.0,0,0.0,0.0,0.0,
964,183,57,1.0,0,0.0,0.0,0.0,
965,192,290,1.0,0,0.0,0.0,0.0,
966,249,58,1.0,1,1.0,1.0,4.0,Started Company
967,235,254,1.0,1,1.0,0.0,0.0,
968,83,180,1.0,1,0.0,0.0,0.0,
969,93,157,1.0,1,1.0,1.0,2.0,Further Studies
970,373,35,1.0,0,0.0,0.0,0.0,
971,394,75,1.0,1,1.0,1.0,4.0,Further Studies
972,312,289,1.0,0,0.0,0.0,0.0,
973,268,75,1.0,1,1.0,1.0,4.0,Started Company
974,417,78,1.0,0,0.0,0.0,0.0,
975,120,255,1.0,0,0.0,0.0,0.0,
976,71,265,1.0,1,1.0,1.0,6.0,Further Studies
977,17,67,1.0,1,1.0,1.0,3.0,Industry Job
978,253,221,1.0,1,1.0,1.0,2.0,Research Role
979,445,164,1.0,1,1.0,1.0,8.0,Research Role
980,122,220,1.0,1,1.0,1.0,2.0,Research Role
981,380,172,1.0,0,0.0,0.0,0.0,
982,10,254,1.0,1,1.0,1.0,8.0,Academic Position
983,287,210,1.0,1,1.0,1.0,7.0,Industry Job
984,316,188,1.0,1,1.0,0.0,0.0,
985,326,191,1.0,0,0.0,0.0,0.0,
986,273,215,1.0,1,1.0,1.0,3.0,Industry Job
987,306,86,1.0,0,0.0,0.0,0.0,
988,293,106,1.0,1,1.0,1.0,6.0,Started Company
989,210,296,1.0,1,1.0,1.0,6.0,Academic Position
990,446,19,1.0,1,0.0,0.0,0.0,
991,218,47,1.0,1,1.0,1.0,10.0,Further Studies
992,241,65,1.0,1,1.0,0.0,0.0,
993,374,146,1.0,0,0.0,0.0,0.0,
994,464,286,1.0,1,1.0,1.0,5.0,Industry Job
995,200,66,1.0,1,1.0,1.0,8.0,Academic Position
996,216,5,1.0,1,1.0,1.0,5.0,Academic Position
997,205,93,1.0,1,1.0,1.0,7.0,Industry Job
998,413,94,1.0,1,1.0,1.0,6.0,Started Company
999,416,106,1.0,0,0.0,0.0,0.0,
1000,216,133,1.0,1,1.0,1.0,7.0,Academic Position
1001,80,79,1.0,0,0.0,0.0,0.0,
1002,267,212,1.0,1,1.0,1.0,9.0,Research Role
1003,480,8,1.0,1,1.0,1.0,3.0,Academic Position
1004,390,159,1.0,0,0.0,0.0,0.0,
1005,379,268,1.0,1,1.0,1.0,10.0,Further Studies
1006,35,149,1.0,1,1.0,1.0,7.0,Industry Job
1007,289,91,1.0,1,1.0,1.0,10.0,Further Studies
1008,18,236,1.0,0,0.0,0.0,0.0,
1009,165,289,1.0,0,0.0,0.0,0.0,
1010,13,168,1.0,1,1.0,1.0,3.0,Started Company
1011,202,193,1.0,0,0.0,0.0,0.0,
1012,229,187,1.0,1,1.0,1.0,2.0,Research Role
1013,346,271,1.0,1,1.0,1.0,7.0,Industry Job
1014,366,114,1.0,0,0.0,0.0,0.0,
1015,465,11,1.0,1,0.0,0.0,0.0,
1016,448,55,1.0,1,1.0,0.0,0.0,
1017,1,258,1.0,1,0.0,0.0,0.0,
1018,319,65,1.0,1,1.0,1.0,4.0,Academic Position
1019,217,172,1.0,1,0.0,0.0,0.0,
1020,34,272,1.0,0,0.0,0.0,0.0,
1021,359,150,1.0,1,1.0,0.0,0.0,
1022,266,146,1.0,0,0.0,0.0,0.0,
1023,128,209,1.0,1,1.0,1.0,1.0,Research Role
1024,212,286,1.0,1,1.0,1.0,6.0,Academic Position
1025,263,10,1.0,1,0.0,0.0,0.0,
1026,312,227,1.0,1,1.0,1.0,6.0,Started Company
1027,80,186,1.0,0,0.0,0.0,0.0,
1028,165,62,1.0,1,1.0,1.0,6.0,Industry Job
1029,413,85,1.0,0,0.0,0.0,0.0,
1030,252,134,1.0,0,0.0,0.0,0.0,
1031,12,297,1.0,0,0.0,0.0,0.0,
1032,401,171,1.0,1,1.0,1.0,2.0,Started Company
1033,304,213,1.0,1,1.0,1.0,1.0,Started Company
1034,212,18,1.0,1,1.0,1.0,3.0,Started Company
1035,282,60,1.0,1,1.0,1.0,2.0,Started Company
1036,112,88,1.0,1,0.0,0.0,0.0,
1037,211,27,1.0,1,0.0,0.0,0.0,
1038,378,68,1.0,1,1.0,1.0,6.0,Academic Position
1039,239,278,1.0,1,1.0,1.0,6.0,Further Studies
1040,268,40,1.0,0,0.0,0.0,0.0,
1041,405,109,1.0,0,0.0,0.0,0.0,
1042,298,74,1.0,1,1.0,1.0,5.0,Academic Position
1043,317,66,1.0,1,1.0,1.0,10.0,Research Role
1044,58,168,1.0,1,0.0,0.0,0.0,
1045,438,262,1.0,1,1.0,1.0,10.0,Started Company
1046,34,274,1.0,0,0.0,0.0,0.0,
1047,263,237,1.0,1,1.0,1.0,5.0,Research Role
1048,365,215,1.0,1,1.0,1.0,9.0,Academic Position
1049,35,286,1.0,0,0.0,0.0,0.0,
1050,271,149,1.0,1,1.0,1.0,5.0,Started Company
1051,449,107,1.0,0,0.0,0.0,0.0,
1052,474,141,1.0,1,1.0,1.0,10.0,Academic Position
1053,227,76,1.0,0,0.0,0.0,0.0,
1054,25,9,1.0,1,1.0,1.0,6.0,Started Company
1055,234,196,1.0,1,0.0,0.0,0.0,
1056,59,295,1.0,0,0.0,0.0,0.0,
1057,251,280,1.0,1,1.0,1.0,4.0,Academic Position
1058,335,118,1.0,1,1.0,1.0,10.0,Industry Job
1059,86,290,1.0,1,1.0,1.0,1.0,Further Studies
1060,251,61,1.0,1,1.0,1.0,4.0,Further Studies
1061,390,51,1.0,0,0.0,0.0,0.0,
1062,180,52,1.0,1,1.0,1.0,2.0,Started Company
1063,207,122,1.0,1,1.0,1.0,10.0,Industry Job
1064,344,167,1.0,0,0.0,0.0,0.0,
1065,149,8,1.0,1,0.0,0.0,0.0,
1066,71,45,1.0,1,1.0,1.0,3.0,Research Role
1067,121,245,1.0,1,1.0,1.0,7.0,Industry Job
1068,253,284,1.0,1,1.0,1.0,7.0,Started Company
1069,93,107,1.0,0,0.0,0.0,0.0,
1070,256,27,1.0,1,1.0,1.0,1.0,Industry Job
1071,254,193,1.0,0,0.0,0.0,0.0,
1072,352,62,1.0,0,0.0,0.0,0.0,
1073,288,62,1.0,1,1.0,1.0,8.0,Research Role
1074,309,282,1.0,1,0.0,0.0,0.0,
1075,59,121,1.0,1,1.0,1.0,7.0,Started Company
1076,69,280,1.0,0,0.0,0.0,0.0,
1077,446,39,1.0,1,1.0,1.0,1.0,Further Studies
1078,388,277,1.0,1,1.0,1.0,8.0,Industry Job
1079,86,94,1.0,1,1.0,0.0,0.0,
1080,274,115,1.0,1,1.0,1.0,2.0,Further Studies
1081,227,176,1.0,1,1.0,1.0,8.0,Further Studies
1082,81,121,1.0,1,1.0,1.0,3.0,Academic Position
1083,498,13,1.0,0,0.0,0.0,0.0,
1084,114,163,1.0,0,0.0,0.0,0.0,
1085,184,275,1.0,1,0.0,0.0,0.0,
1086,280,176,1.0,1,1.0,1.0,10.0,Research Role
1087,322,173,1.0,0,0.0,0.0,0.0,
1088,397,275,1.0,1,1.0,1.0,7.0,Industry Job
1089,318,64,1.0,1,1.0,1.0,6.0,Further Studies
1090,54,101,1.0,1,0.0,0.0,0.0,
1091,399,66,1.0,0,0.0,0.0,0.0,
1092,197,45,1.0,1,1.0,1.0,5.0,Further Studies
1093,387,87,1.0,1,1.0,1.0,10.0,Research Role
1094,293,67,1.0,1,1.0,1.0,2.0,Further Studies
1095,293,259,1.0,0,0.0,0.0,0.0,
1096,485,205,1.0,1,1.0,1.0,2.0,Further Studies
1097,387,178,1.0,1,1.0,1.0,1.0,Further Studies
1098,447,280,1.0,1,1.0,1.0,9.0,Further Studies
1099,291,17,1.0,1,1.0,1.0,8.0,Academic Position
1100,180,296,1.0,0,0.0,0.0,0.0,
1101,471,202,1.0,1,0.0,0.0,0.0,
1102,380,172,1.0,1,1.0,1.0,8.0,Academic Position
1103,412,262,1.0,1,1.0,0.0,0.0,
1104,222,194,1.0,0,0.0,0.0,0.0,
1105,274,149,1.0,1,0.0,0.0,0.0,
1106,378,35,1.0,1,0.0,0.0,0.0,
1107,244,29,1.0,1,1.0,1.0,1.0,Started Company
1108,420,263,1.0,1,0.0,0.0,0.0,
1109,417,221,1.0,1,1.0,1.0,5.0,Industry Job
1110,448,53,1.0,1,1.0,1.0,6.0,Research Role
1111,154,279,1.0,1,1.0,1.0,2.0,Started Company
1112,304,76,1.0,1,0.0,0.0,0.0,
1113,424,176,1.0,1,1.0,1.0,10.0,Academic Position
1114,273,10,1.0,1,1.0,1.0,5.0,Academic Position
1115,424,117,1.0,0,0.0,0.0,0.0,
1116,135,280,1.0,0,0.0,0.0,0.0,
1117,313,218,1.0,1,1.0,1.0,6.0,Academic Position
1118,8,175,1.0,1,0.0,0.0,0.0,
1119,128,234,1.0,0,0.0,0.0,0.0,
1120,373,252,1.0,0,0.0,0.0,0.0,
1121,56,295,1.0,0,0.0,0.0,0.0,
1122,126,6,1.0,1,1.0,1.0,9.0,Started Company
1123,159,21,1.0,1,1.0,1.0,10.0,Academic Position
1124,59,73,1.0,0,0.0,0.0,0.0,
1125,58,36,1.0,1,1.0,0.0,0.0,
1126,140,233,1.0,1,1.0,1.0,1.0,Started Company
1127,176,216,1.0,1,0.0,0.0,0.0,
1128,415,206,1.0,1,1.0,1.0,10.0,Academic Position
1129,108,44,1.0,0,0.0,0.0,0.0,
1130,211,91,1.0,1,1.0,1.0,3.0,Further Studies
1131,447,93,1.0,0,0.0,0.0,0.0,
1132,74,83,1.0,0,0.0,0.0,0.0,
1133,167,282,1.0,1,1.0,1.0,9.0,Further Studies
1134,460,21,1.0,0,0.0,0.0,0.0,
1135,404,228,1.0,1,1.0,1.0,1.0,Industry Job
1136,357,130,1.0,0,0.0,0.0,0.0,
1137,304,175,1.0,0,0.0,0.0,0.0,
1138,233,108,1.0,1,1.0,1.0,1.0,Academic Position
1139,327,283,1.0,1,1.0,1.0,1.0,Industry Job
1140,372,71,1.0,1,0.0,0.0,0.0,
1141,182,50,1.0,1,1.0,1.0,7.0,Started Company
1142,122,95,1.0,1,1.0,1.0,5.0,Industry Job
1143,334,279,1.0,1,1.0,1.0,6.0,Academic Position
1144,203,132,1.0,1,1.0,1.0,8.0,Started Company
1145,455,276,1.0,0,0.0,0.0,0.0,
1146,29,13,1.0,0,0.0,0.0,0.0,
1147,202,3,1.0,1,1.0,0.0,0.0,
1148,93,224,1.0,0,0.0,0.0,0.0,
1149,329,175,1.0,0,0.0,0.0,0.0,
1150,356,90,1.0,0,0.0,0.0,0.0,
1151,176,241,1.0,0,0.0,0.0,0.0,
1152,330,35,1.0,0,0.0,0.0,0.0,
1153,211,14,1.0,0,0.0,0.0,0.0,
1154,184,195,1.0,0,0.0,0.0,0.0,
1155,95,213,1.0,0,0.0,0.0,0.0,
1156,273,3,1.0,1,1.0,1.0,2.0,Started Company
1157,137,179,1.0,0,0.0,0.0,0.0,
1158,237,40,1.0,1,1.0,1.0,2.0,Further Studies
1159,353,164,1.0,1,1.0,1.0,3.0,Started Company
1160,418,235,1.0,1,1.0,1.0,3.0,Started Company
1161,429,257,1.0,1,1.0,1.0,3.0,Industry Job
1162,472,116,1.0,1,1.0,1.0,4.0,Started Company
1163,265,52,1.0,0,0.0,0.0,0.0,
1164,135,142,1.0,1,1.0,1.0,3.0,Research Role
1165,144,86,1.0,0,0.0,0.0,0.0,
1166,19,46,1.0,1,1.0,1.0,2.0,Further Studies
1167,231,238,1.0,1,0.0,0.0,0.0,
1168,134,10,1.0,0,0.0,0.0,0.0,
1169,114,152,1.0,1,1.0,0.0,0.0,
1170,499,61,1.0,1,1.0,1.0,9.0,Further Studies
1171,139,18,1.0,0,0.0,0.0,0.0,
1172,125,86,1.0,1,1.0,1.0,6.0,Started Company
1173,204,137,1.0,1,1.0,1.0,3.0,Industry Job
1174,61,230,1.0,1,1.0,0.0,0.0,
1175,250,128,1.0,0,0.0,0.0,0.0,
1176,298,104,1.0,0,0.0,0.0,0.0,
1177,13,186,1.0,1,1.0,1.0,9.0,Further Studies
1178,396,178,1.0,1,0.0,0.0,0.0,
1179,255,6,1.0,1,0.0,0.0,0.0,
1180,85,36,1.0,1,1.0,1.0,4.0,Further Studies
1181,458,281,1.0,0,0.0,0.0,0.0,
1182,20,300,1.0,1,1.0,1.0,4.0,Research Role
1183,50,14,1.0,1,1.0,1.0,8.0,Started Company
1184,164,237,1.0,1,1.0,0.0,0.0,
1185,92,285,1.0,0,0.0,0.0,0.0,
1186,88,50,1.0,0,0.0,0.0,0.0,
1187,69,261,1.0,1,1.0,1.0,7.0,Further Studies
1188,37,110,1.0,0,0.0,0.0,0.0,
1189,253,197,1.0,1,1.0,1.0,7.0,Further Studies
1190,252,252,1.0,0,0.0,0.0,0.0,
1191,140,88,1.0,0,0.0,0.0,0.0,
1192,355,26,1.0,0,0.0,0.0,0.0,
1193,381,262,1.0,1,1.0,1.0,10.0,Further Studies
1194,168,144,1.0,1,1.0,1.0,7.0,Further Studies
1195,54,60,1.0,1,1.0,1.0,10.0,Industry Job
1196,386,268,1.0,1,1.0,1.0,5.0,Academic Position
1197,178,75,1.0,0,0.0,0.0,0.0,
1198,297,3,1.0,0,0.0,0.0,0.0,
1199,301,63,1.0,1,1.0,1.0,7.0,Research Role
1200,359,236,1.0,1,1.0,1.0,4.0,Industry Job
1201,106,229,1.0,1,0.0,0.0,0.0,
1202,137,275,1.0,1,1.0,1.0,8.0,Research Role
1203,190,18,1.0,1,1.0,1.0,9.0,Further Studies
1204,128,80,1.0,0,0.0,0.0,0.0,
1205,342,215,1.0,1,1.0,1.0,3.0,Research Role
1206,47,171,1.0,0,0.0,0.0,0.0,
1207,5,255,1.0,1,1.0,1.0,7.0,Started Company
1208,460,126,1.0,1,1.0,1.0,10.0,Started Company
1209,257,255,1.0,0,0.0,0.0,0.0,
1210,300,72,1.0,1,1.0,1.0,9.0,Academic Position
1211,150,38,1.0,0,0.0,0.0,0.0,
1212,294,204,1.0,1,1.0,0.0,0.0,
1213,243,172,1.0,1,1.0,1.0,1.0,Academic Position
1214,275,223,1.0,1,1.0,1.0,2.0,Research Role
1215,208,217,1.0,1,1.0,1.0,7.0,Industry Job
1216,415,245,1.0,0,0.0,0.0,0.0,
1217,115,191,1.0,1,1.0,0.0,0.0,
1218,195,298,1.0,1,0.0,0.0,0.0,
1219,343,182,1.0,1,1.0,1.0,2.0,Industry Job
1220,170,205,1.0,0,0.0,0.0,0.0,
1221,379,199,1.0,0,0.0,0.0,0.0,
1222,82,165,1.0,0,0.0,0.0,0.0,
1223,154,242,1.0,1,1.0,1.0,7.0,Further Studies
1224,141,130,1.0,0,0.0,0.0,0.0,
1225,314,227,1.0,1,1.0,1.0,1.0,Industry Job
1226,146,122,1.0,1,1.0,1.0,3.0,Academic Position
1227,323,44,1.0,1,1.0,1.0,5.0,Industry Job
1228,122,196,1.0,1,0.0,0.0,0.0,
1229,252,204,1.0,0,0.0,0.0,0.0,
1230,343,257,1.0,1,1.0,1.0,6.0,Further Studies
1231,387,17,1.0,1,1.0,1.0,9.0,Started Company
1232,311,272,1.0,1,1.0,1.0,9.0,Industry Job
1233,89,9,1.0,1,1.0,1.0,3.0,Industry Job
1234,475,249,1.0,0,0.0,0.0,0.0,
1235,58,201,1.0,1,1.0,1.0,8.0,Academic Position
1236,492,59,1.0,1,1.0,1.0,4.0,Research Role
1237,63,140,1.0,1,1.0,1.0,7.0,Started Company
1238,347,119,1.0,0,0.0,0.0,0.0,
1239,308,41,1.0,0,0.0,0.0,0.0,
1240,487,267,1.0,1,1.0,1.0,6.0,Research Role
1241,473,8,1.0,1,0.0,0.0,0.0,
1242,382,183,1.0,1,1.0,1.0,8.0,Further Studies
1243,280,134,1.0,1,1.0,1.0,6.0,Further Studies
1244,72,181,1.0,1,0.0,0.0,0.0,
1245,9,72,1.0,0,0.0,0.0,0.0,
1246,366,113,1.0,0,0.0,0.0,0.0,
1247,421,107,1.0,1,1.0,1.0,4.0,Research Role
1248,94,290,1.0,1,1.0,1.0,2.0,Academic Position
1249,373,117,1.0,1,1.0,1.0,7.0,Academic Position
1250,339,120,1.0,1,0.0,0.0,0.0,
1251,437,147,1.0,1,1.0,0.0,0.0,
1252,336,210,1.0,1,1.0,1.0,4.0,Academic Position
1253,152,296,1.0,0,0.0,0.0,0.0,
1254,492,103,1.0,0,0.0,0.0,0.0,
1255,405,124,1.0,0,0.0,0.0,0.0,
1256,356,245,1.0,1,1.0,1.0,9.0,Started Company
1257,40,209,1.0,1,1.0,1.0,9.0,Further Studies
1258,359,109,1.0,0,0.0,0.0,0.0,
1259,495,50,1.0,0,0.0,0.0,0.0,
1260,62,105,1.0,1,1.0,1.0,7.0,Further Studies
1261,254,27,1.0,1,1.0,1.0,5.0,Further Studies
1262,454,288,1.0,1,1.0,1.0,3.0,Started Company
1263,69,257,1.0,1,0.0,0.0,0.0,
1264,398,273,1.0,1,1.0,1.0,3.0,Further Studies
1265,245,137,1.0,0,0.0,0.0,0.0,
1266,365,32,1.0,0,0.0,0.0,0.0,
1267,170,45,1.0,1,1.0,1.0,9.0,Research Role
1268,178,265,1.0,1,1.0,1.0,9.0,Industry Job
1269,189,30,1.0,0,0.0,0.0,0.0,
1270,260,84,1.0,1,0.0,0.0,0.0,
1271,72,166,1.0,0,0.0,0.0,0.0,
1272,472,1,1.0,1,1.0,1.0,4.0,Started Company
1273,459,249,1.0,0,0.0,0.0,0.0,
1274,17,261,1.0,1,1.0,1.0,1.0,Industry Job
1275,370,63,1.0,0,0.0,0.0,0.0,
1276,341,164,1.0,1,0.0,0.0,0.0,
1277,57,201,1.0,0,0.0,0.0,0.0,
1278,218,222,1.0,1,1.0,1.0,10.0,Research Role
1279,107,152,1.0,1,1.0,1.0,5.0,Academic Position
1280,304,132,1.0,0,0.0,0.0,0.0,
1281,428,114,1.0,0,0.0,0.0,0.0,
1282,173,217,1.0,1,1.0,1.0,8.0,Academic Position
1283,219,196,1.0,1,1.0,0.0,0.0,
1284,464,281,1.0,0,0.0,0.0,0.0,
1285,247,202,1.0,0,0.0,0.0,0.0,
1286,218,135,1.0,0,0.0,0.0,0.0,
1287,373,234,1.0,0,0.0,0.0,0.0,
1288,417,141,1.0,1,0.0,0.0,0.0,
1289,31,196,1.0,1,1.0,0.0,0.0,
1290,368,43,1.0,1,0.0,0.0,0.0,
1291,47,57,1.0,1,1.0,1.0,10.0,Academic Position
1292,134,142,1.0,1,1.0,1.0,4.0,Started Company
1293,108,210,1.0,1,1.0,1.0,10.0,Academic Position
1294,72,72,1.0,0,0.0,0.0,0.0,
1295,327,224,1.0,1,1.0,1.0,10.0,Started Company
1296,418,27,1.0,1,1.0,0.0,0.0,
1297,108,128,1.0,0,0.0,0.0,0.0,
1298,309,106,1.0,0,0.0,0.0,0.0,
1299,398,165,1.0,0,0.0,0.0,0.0,
1300,272,215,1.0,0,0.0,0.0,0.0,
1301,171,71,1.0,1,1.0,0.0,0.0,
1302,116,204,1.0,1,1.0,1.0,4.0,Started Company
1303,329,153,1.0,1,0.0,0.0,0.0,
1304,74,67,1.0,0,0.0,0.0,0.0,
1305,256,90,1.0,1,1.0,1.0,9.0,Industry Job
1306,81,260,1.0,0,0.0,0.0,0.0,
1307,268,228,1.0,1,1.0,1.0,9.0,Academic Position
1308,128,79,1.0,1,1.0,1.0,7.0,Further Studies
1309,326,96,1.0,0,0.0,0.0,0.0,
1310,403,246,1.0,1,1.0,1.0,10.0,Academic Position
1311,235,272,1.0,1,1.0,1.0,8.0,Academic Position
1312,41,157,1.0,0,0.0,0.0,0.0,
1313,181,116,1.0,0,0.0,0.0,0.0,
1314,157,18,1.0,1,1.0,1.0,4.0,Academic Position
1315,454,172,1.0,0,0.0,0.0,0.0,
1316,59,16,1.0,1,1.0,1.0,8.0,Further Studies
1317,345,240,1.0,1,1.0,1.0,6.0,Further Studies
1318,249,56,1.0,0,0.0,0.0,0.0,
1319,192,79,1.0,0,0.0,0.0,0.0,
1320,24,103,1.0,1,1.0,1.0,3.0,Started Company
1321,473,284,1.0,1,0.0,0.0,0.0,
1322,400,193,1.0,1,1.0,1.0,7.0,Further Studies
1323,436,5,1.0,1,1.0,0.0,0.0,
1324,80,106,1.0,1,1.0,1.0,3.0,Started Company
1325,134,278,1.0,0,0.0,0.0,0.0,
1326,421,100,1.0,1,1.0,1.0,7.0,Industry Job
1327,213,238,1.0,1,1.0,1.0,5.0,Started Company
1328,388,269,1.0,1,0.0,0.0,0.0,
1329,482,86,1.0,1,1.0,0.0,0.0,
1330,348,32,1.0,1,1.0,1.0,4.0,Academic Position
1331,166,51,1.0,1,1.0,1.0,3.0,Research Role
1332,425,79,1.0,0,0.0,0.0,0.0,
1333,348,186,1.0,1,1.0,1.0,8.0,Research Role
1334,337,174,1.0,0,0.0,0.0,0.0,
1335,398,106,1.0,0,0.0,0.0,0.0,
1336,71,63,1.0,1,1.0,1.0,4.0,Academic Position
1337,214,76,1.0,0,0.0,0.0,0.0,
1338,435,81,1.0,1,1.0,1.0,8.0,Started Company
1339,65,128,1.0,1,1.0,1.0,10.0,Academic Position
1340,221,183,1.0,0,0.0,0.0,0.0,
1341,308,243,1.0,1,1.0,1.0,3.0,Further Studies
1342,479,185,1.0,1,0.0,0.0,0.0,
1343,286,220,1.0,1,1.0,1.0,10.0,Started Company
1344,185,71,1.0,1,0.0,0.0,0.0,
1345,207,154,1.0,1,0.0,0.0,0.0,
1346,466,245,1.0,0,0.0,0.0,0.0,
1347,99,140,1.0,0,0.0,0.0,0.0,
1348,242,71,1.0,1,1.0,1.0,9.0,Academic Position
1349,158,46,1.0,1,0.0,0.0,0.0,
1350,98,47,1.0,0,0.0,0.0,0.0,
1351,42,79,1.0,1,0.0,0.0,0.0,
1352,139,149,1.0,1,1.0,1.0,6.0,Further Studies
1353,283,130,1.0,1,1.0,1.0,5.0,Further Studies
1354,408,127,1.0,1,1.0,1.0,5.0,Started Company
1355,227,119,1.0,1,0.0,0.0,0.0,
1356,423,262,1.0,1,1.0,1.0,3.0,Industry Job
1357,72,244,1.0,1,1.0,1.0,2.0,Industry Job
1358,243,103,1.0,1,1.0,1.0,6.0,Further Studies
1359,18,37,1.0,1,1.0,1.0,1.0,Industry Job
1360,77,142,1.0,1,1.0,0.0,0.0,
1361,45,37,1.0,1,0.0,0.0,0.0,
1362,472,8,1.0,0,0.0,0.0,0.0,
1363,371,231,1.0,0,0.0,0.0,0.0,
1364,343,296,1.0,1,1.0,1.0,7.0,Further Studies
1365,140,107,1.0,0,0.0,0.0,0.0,
1366,177,18,1.0,0,0.0,0.0,0.0,
1367,222,83,1.0,0,0.0,0.0,0.0,
1368,415,288,1.0,1,1.0,1.0,5.0,Industry Job
1369,92,194,1.0,0,0.0,0.0,0.0,
1370,22,215,1.0,0,0.0,0.0,0.0,
1371,172,281,1.0,1,1.0,1.0,4.0,Further Studies
1372,92,220,1.0,1,1.0,1.0,9.0,Further Studies
1373,192,289,1.0,1,0.0,0.0,0.0,
1374,77,194,1.0,0,0.0,0.0,0.0,
1375,281,158,1.0,1,1.0,1.0,10.0,Further Studies
1376,364,104,1.0,1,0.0,0.0,0.0,
1377,179,34,1.0,1,1.0,1.0,1.0,Further Studies
1378,238,102,1.0,0,0.0,0.0,0.0,
1379,135,127,1.0,1,1.0,1.0,4.0,Research Role
1380,365,214,1.0,1,1.0,1.0,3.0,Industry Job
1381,390,296,1.0,1,1.0,1.0,6.0,Further Studies
1382,280,179,1.0,1,1.0,1.0,5.0,Academic Position
1383,19,80,1.0,1,1.0,1.0,7.0,Started Company
1384,83,141,1.0,1,0.0,0.0,0.0,
1385,228,31,1.0,1,1.0,1.0,1.0,Academic Position
1386,371,63,1.0,0,0.0,0.0,0.0,
1387,265,48,1.0,1,1.0,1.0,5.0,Academic Position
1388,112,87,1.0,1,1.0,1.0,2.0,Research Role
1389,251,61,1.0,1,1.0,0.0,0.0,
1390,164,274,1.0,0,0.0,0.0,0.0,
1391,358,284,1.0,0,0.0,0.0,0.0,
1392,168,80,1.0,1,1.0,1.0,2.0,Industry Job
1393,221,180,1.0,1,1.0,1.0,2.0,Research Role
1394,408,272,1.0,1,0.0,0.0,0.0,
1395,304,77,1.0,1,1.0,1.0,9.0,Industry Job
1396,191,221,1.0,0,0.0,0.0,0.0,
1397,325,282,1.0,1,1.0,1.0,10.0,Further Studies
1398,437,28,1.0,1,1.0,1.0,3.0,Research Role
1399,438,77,1.0,1,1.0,1.0,4.0,Started Company
1400,170,164,1.0,0,0.0,0.0,0.0,
1401,375,9,1.0,1,1.0,0.0,0.0,
1402,45,175,1.0,1,1.0,1.0,5.0,Industry Job
1403,381,76,1.0,1,1.0,0.0,0.0,
1404,474,245,1.0,1,1.0,1.0,4.0,Research Role
1405,14,122,1.0,0,0.0,0.0,0.0,
1406,231,185,1.0,0,0.0,0.0,0.0,
1407,157,32,1.0,1,1.0,1.0,4.0,Started Company
1408,500,250,1.0,1,1.0,1.0,5.0,Academic Position
1409,134,57,1.0,0,0.0,0.0,0.0,
1410,391,144,1.0,1,1.0,1.0,10.0,Further Studies
1411,37,84,1.0,1,1.0,1.0,9.0,Further Studies
1412,53,56,1.0,1,0.0,0.0,0.0,
1413,18,279,1.0,0,0.0,0.0,0.0,
1414,471,273,1.0,1,1.0,1.0,9.0,Academic Position
1415,492,166,1.0,0,0.0,0.0,0.0,
1416,38,158,1.0,0,0.0,0.0,0.0,
1417,187,249,1.0,0,0.0,0.0,0.0,
1418,385,186,1.0,1,0.0,0.0,0.0,
1419,196,78,1.0,0,0.0,0.0,0.0,
1420,243,22,1.0,1,0.0,0.0,0.0,
1421,300,108,1.0,1,1.0,1.0,6.0,Research Role
1422,303,273,1.0,1,1.0,1.0,3.0,Academic Position
1423,35,252,1.0,1,0.0,0.0,0.0,
1424,215,15,1.0,1,1.0,0.0,0.0,
1425,219,160,1.0,1,0.0,0.0,0.0,
1426,316,205,1.0,1,1.0,1.0,6.0,Started Company
1427,90,113,1.0,1,0.0,0.0,0.0,
1428,308,168,1.0,0,0.0,0.0,0.0,
1429,252,253,1.0,0,0.0,0.0,0.0,
1430,8,186,1.0,1,1.0,1.0,10.0,Industry Job
1431,256,227,1.0,1,1.0,1.0,4.0,Research Role
1432,363,16,1.0,1,1.0,1.0,3.0,Industry Job
1433,208,156,1.0,1,1.0,1.0,6.0,Academic Position
1434,425,111,1.0,1,1.0,1.0,6.0,Further Studies
1435,131,1,1.0,1,1.0,1.0,2.0,Industry Job
1436,224,41,1.0,0,0.0,0.0,0.0,
1437,197,48,1.0,1,1.0,1.0,9.0,Industry Job
1438,468,108,1.0,1,1.0,0.0,0.0,
1439,142,161,1.0,1,1.0,1.0,8.0,Further Studies
1440,252,161,1.0,1,1.0,1.0,6.0,Industry Job
1441,96,128,1.0,1,1.0,1.0,1.0,Industry Job
1442,26,210,1.0,1,1.0,1.0,2.0,Further Studies
1443,111,151,1.0,1,1.0,1.0,4.0,Further Studies
1444,454,255,1.0,1,1.0,1.0,7.0,Academic Position
1445,123,218,1.0,1,1.0,1.0,9.0,Academic Position
1446,186,30,1.0,1,0.0,0.0,0.0,
1447,484,45,1.0,1,0.0,0.0,0.0,
1448,168,80,1.0,0,0.0,0.0,0.0,
1449,51,39,1.0,1,1.0,1.0,10.0,Industry Job
1450,379,240,1.0,1,1.0,1.0,5.0,Research Role
1451,5,45,1.0,1,1.0,1.0,10.0,Academic Position
1452,77,78,1.0,1,1.0,1.0,2.0,Academic Position
1453,160,288,1.0,1,1.0,1.0,1.0,Research Role
1454,208,280,1.0,1,1.0,1.0,10.0,Research Role
1455,257,116,1.0,1,1.0,1.0,1.0,Further Studies
1456,205,269,1.0,1,0.0,0.0,0.0,
1457,255,53,1.0,1,1.0,1.0,5.0,Academic Position
1458,438,68,1.0,1,1.0,1.0,7.0,Started Company
1459,11,182,1.0,1,1.0,1.0,9.0,Started Company
1460,437,34,1.0,1,1.0,1.0,9.0,Industry Job
1461,8,284,1.0,1,1.0,1.0,8.0,Academic Position
1462,409,249,1.0,1,0.0,0.0,0.0,
1463,424,111,1.0,0,0.0,0.0,0.0,
1464,32,94,1.0,0,0.0,0.0,0.0,
1465,472,179,1.0,0,0.0,0.0,0.0,
1466,28,47,1.0,1,1.0,1.0,1.0,Started Company
1467,206,282,1.0,0,0.0,0.0,0.0,
1468,493,92,1.0,0,0.0,0.0,0.0,
1469,387,212,1.0,0,0.0,0.0,0.0,
1470,228,75,1.0,1,1.0,1.0,5.0,Academic Position
1471,128,202,1.0,0,0.0,0.0,0.0,
1472,255,297,1.0,1,1.0,1.0,6.0,Academic Position
1473,475,211,1.0,0,0.0,0.0,0.0,
1474,212,134,1.0,1,1.0,1.0,6.0,Started Company
1475,239,66,1.0,1,1.0,0.0,0.0,
1476,207,280,1.0,1,0.0,0.0,0.0,
1477,318,28,1.0,1,0.0,0.0,0.0,
1478,283,117,1.0,1,1.0,1.0,4.0,Academic Position
1479,245,114,1.0,1,1.0,1.0,1.0,Research Role
1480,45,75,1.0,1,1.0,0.0,0.0,
1481,105,202,1.0,1,1.0,1.0,3.0,Industry Job
1482,348,59,1.0,0,0.0,0.0,0.0,
1483,281,15,1.0,1,1.0,1.0,10.0,Further Studies
1484,234,231,1.0,0,0.0,0.0,0.0,
1485,189,105,1.0,1,1.0,1.0,4.0,Started Company
1486,44,165,1.0,1,1.0,1.0,4.0,Further Studies
1487,494,199,1.0,1,1.0,1.0,4.0,Industry Job
1488,225,35,1.0,1,0.0,0.0,0.0,
1489,430,162,1.0,1,1.0,1.0,5.0,Research Role
1490,142,245,1.0,1,1.0,0.0,0.0,
1491,136,287,1.0,1,1.0,1.0,9.0,Research Role
1492,176,19,1.0,0,0.0,0.0,0.0,
1493,142,280,1.0,1,0.0,0.0,0.0,
1494,449,182,1.0,1,1.0,1.0,4.0,Research Role
1495,80,147,1.0,1,1.0,0.0,0.0,
1496,82,176,1.0,1,1.0,1.0,9.0,Research Role
1497,135,163,1.0,0,0.0,0.0,0.0,
1498,207,175,1.0,0,0.0,0.0,0.0,
1499,344,47,1.0,1,1.0,1.0,9.0,Started Company
1500,177,256,1.0,1,1.0,1.0,1.0,Started Company
1501,383,174,1.0,1,1.0,0.0,0.0,
1502,243,103,1.0,1,1.0,1.0,5.0,Academic Position
1503,55,121,1.0,1,1.0,1.0,9.0,Academic Position
1504,141,145,1.0,0,0.0,0.0,0.0,
1505,457,42,1.0,0,0.0,0.0,0.0,
1506,440,29,1.0,0,0.0,0.0,0.0,
1507,56,273,1.0,1,0.0,0.0,0.0,
1508,15,14,1.0,0,0.0,0.0,0.0,
1509,185,189,1.0,1,1.0,1.0,4.0,Industry Job
1510,314,295,1.0,1,1.0,1.0,5.0,Academic Position
1511,419,183,1.0,0,0.0,0.0,0.0,
1512,88,36,1.0,0,0.0,0.0,0.0,
1513,97,37,1.0,0,0.0,0.0,0.0,
1514,144,14,1.0,1,1.0,1.0,4.0,Industry Job
1515,8,123,1.0,1,1.0,1.0,2.0,Industry Job
1516,477,83,1.0,0,0.0,0.0,0.0,
1517,215,159,1.0,1,1.0,0.0,0.0,
1518,173,102,1.0,1,0.0,0.0,0.0,
1519,223,83,1.0,1,1.0,1.0,10.0,Industry Job
1520,40,44,1.0,1,1.0,1.0,2.0,Research Role
1521,497,68,1.0,1,1.0,1.0,2.0,Further Studies
1522,182,48,1.0,1,1.0,1.0,1.0,Further Studies
1523,270,57,1.0,1,1.0,1.0,3.0,Started Company
1524,187,75,1.0,1,1.0,1.0,10.0,Industry Job
1525,245,22,1.0,1,1.0,1.0,1.0,Research Role
1526,478,132,1.0,1,1.0,1.0,4.0,Academic Position
1527,309,267,1.0,1,1.0,1.0,1.0,Academic Position
1528,231,287,1.0,1,1.0,1.0,4.0,Started Company
1529,383,120,1.0,1,1.0,1.0,3.0,Started Company
1530,155,246,1.0,0,0.0,0.0,0.0,
1531,175,56,1.0,0,0.0,0.0,0.0,
1532,336,38,1.0,0,0.0,0.0,0.0,
1533,115,245,1.0,1,1.0,1.0,9.0,Industry Job
1534,390,21,1.0,1,1.0,1.0,1.0,Industry Job
1535,311,110,1.0,0,0.0,0.0,0.0,
1536,481,94,1.0,0,0.0,0.0,0.0,
1537,300,136,1.0,0,0.0,0.0,0.0,
1538,18,231,1.0,0,0.0,0.0,0.0,
1539,272,8,1.0,0,0.0,0.0,0.0,
1540,12,290,1.0,1,1.0,1.0,8.0,Academic Position
1541,404,251,1.0,0,0.0,0.0,0.0,
1542,301,87,1.0,0,0.0,0.0,0.0,
1543,192,204,1.0,1,1.0,1.0,9.0,Academic Position
1544,232,219,1.0,1,1.0,1.0,7.0,Academic Position
1545,443,241,1.0,0,0.0,0.0,0.0,
1546,93,258,1.0,0,0.0,0.0,0.0,
1547,478,109,1.0,1,1.0,1.0,1.0,Academic Position
1548,218,256,1.0,1,1.0,1.0,4.0,Further Studies
1549,278,282,1.0,0,0.0,0.0,0.0,
1550,353,220,1.0,0,0.0,0.0,0.0,
1551,487,83,1.0,0,0.0,0.0,0.0,
1552,303,107,1.0,1,1.0,0.0,0.0,
1553,29,69,1.0,1,1.0,0.0,0.0,
1554,470,97,1.0,1,1.0,1.0,10.0,Industry Job
1555,301,212,1.0,1,1.0,1.0,1.0,Industry Job
1556,77,286,1.0,1,1.0,1.0,4.0,Academic Position
1557,9,237,1.0,1,1.0,1.0,3.0,Research Role
1558,24,8,1.0,1,1.0,0.0,0.0,
1559,15,294,1.0,0,0.0,0.0,0.0,
1560,164,189,1.0,1,1.0,1.0,2.0,Academic Position
1561,13,81,1.0,1,1.0,1.0,1.0,Started Company
1562,347,108,1.0,1,1.0,1.0,6.0,Research Role
1563,172,67,1.0,1,1.0,1.0,7.0,Started Company
1564,357,174,1.0,1,1.0,0.0,0.0,
1565,327,43,1.0,1,1.0,1.0,6.0,Research Role
1566,200,187,1.0,0,0.0,0.0,0.0,
1567,485,200,1.0,1,0.0,0.0,0.0,
1568,489,39,1.0,1,1.0,1.0,9.0,Started Company
1569,462,220,1.0,1,1.0,1.0,9.0,Academic Position
1570,378,4,1.0,0,0.0,0.0,0.0,
1571,76,121,1.0,0,0.0,0.0,0.0,
1572,164,77,1.0,1,1.0,1.0,2.0,Academic Position
1573,372,179,1.0,1,1.0,1.0,2.0,Research Role
1574,61,133,1.0,1,1.0,1.0,9.0,Started Company
1575,488,229,1.0,1,1.0,0.0,0.0,
1576,465,276,1.0,1,1.0,1.0,1.0,Further Studies
1577,424,152,1.0,1,1.0,1.0,5.0,Research Role
1578,245,164,1.0,0,0.0,0.0,0.0,
1579,477,290,1.0,0,0.0,0.0,0.0,
1580,382,109,1.0,1,1.0,1.0,1.0,Research Role
1581,155,126,1.0,1,1.0,1.0,7.0,Industry Job
1582,257,240,1.0,1,1.0,1.0,9.0,Research Role
1583,244,146,1.0,1,0.0,0.0,0.0,
1584,162,252,1.0,0,0.0,0.0,0.0,
1585,68,183,1.0,1,1.0,1.0,6.0,Further Studies
1586,344,72,1.0,1,1.0,1.0,2.0,Academic Position
1587,277,219,1.0,1,1.0,1.0,6.0,Started Company
1588,161,207,1.0,0,0.0,0.0,0.0,
1589,391,173,1.0,1,1.0,1.0,9.0,Industry Job
1590,449,141,1.0,1,1.0,1.0,3.0,Started Company
1591,489,272,1.0,1,1.0,1.0,9.0,Academic Position
1592,259,214,1.0,1,1.0,1.0,8.0,Research Role
1593,492,269,1.0,0,0.0,0.0,0.0,
1594,307,20,1.0,0,0.0,0.0,0.0,
1595,335,66,1.0,0,0.0,0.0,0.0,
1596,95,147,1.0,1,1.0,1.0,7.0,Further Studies
1597,438,165,1.0,1,1.0,1.0,8.0,Industry Job
1598,464,6,1.0,1,1.0,1.0,10.0,Further Studies
1599,458,14,1.0,0,0.0,0.0,0.0,
1600,246,132,1.0,1,1.0,1.0,6.0,Further Studies
1601,221,243,1.0,1,1.0,1.0,3.0,Further Studies
1602,123,231,1.0,0,0.0,0.0,0.0,
1603,187,228,1.0,1,1.0,1.0,7.0,Further Studies
1604,262,162,1.0,0,0.0,0.0,0.0,
1605,413,283,1.0,0,0.0,0.0,0.0,
1606,273,263,1.0,0,0.0,0.0,0.0,
1607,373,131,1.0,1,1.0,1.0,4.0,Academic Position
1608,60,225,1.0,1,1.0,1.0,10.0,Further Studies
1609,406,258,1.0,0,0.0,0.0,0.0,
1610,408,234,1.0,1,1.0,1.0,5.0,Further Studies
1611,125,24,1.0,1,0.0,0.0,0.0,
1612,337,271,1.0,1,1.0,1.0,8.0,Academic Position
1613,341,95,1.0,0,0.0,0.0,0.0,
1614,51,142,1.0,1,1.0,1.0,7.0,Started Company
1615,178,182,1.0,1,1.0,1.0,7.0,Academic Position
1616,139,206,1.0,0,0.0,0.0,0.0,
1617,440,81,1.0,1,1.0,1.0,8.0,Research Role
1618,327,274,1.0,1,1.0,1.0,10.0,Academic Position
1619,170,276,1.0,0,0.0,0.0,0.0,
1620,39,208,1.0,1,1.0,1.0,3.0,Started Company
1621,69,296,1.0,0,0.0,0.0,0.0,
1622,236,39,1.0,1,0.0,0.0,0.0,
1623,48,288,1.0,0,0.0,0.0,0.0,
1624,381,124,1.0,0,0.0,0.0,0.0,
1625,57,283,1.0,0,0.0,0.0,0.0,
1626,277,180,1.0,1,1.0,1.0,3.0,Research Role
1627,338,97,1.0,1,1.0,1.0,2.0,Research Role
1628,99,191,1.0,0,0.0,0.0,0.0,
1629,404,74,1.0,0,0.0,0.0,0.0,
1630,15,273,1.0,1,1.0,1.0,1.0,Industry Job
1631,325,49,1.0,1,0.0,0.0,0.0,
1632,461,210,1.0,1,1.0,1.0,10.0,Further Studies
1633,179,116,1.0,0,0.0,0.0,0.0,
1634,332,23,1.0,1,1.0,1.0,6.0,Research Role
1635,62,98,1.0,1,1.0,1.0,6.0,Research Role
1636,119,190,1.0,1,1.0,1.0,10.0,Started Company
1637,469,182,1.0,1,1.0,1.0,8.0,Research Role
1638,37,148,1.0,0,0.0,0.0,0.0,
1639,134,23,1.0,0,0.0,0.0,0.0,
1640,455,105,1.0,1,0.0,0.0,0.0,
1641,26,163,1.0,1,0.0,0.0,0.0,
1642,490,67,1.0,1,1.0,1.0,6.0,Started Company
1643,496,290,1.0,1,1.0,1.0,6.0,Further Studies
1644,8,289,1.0,1,1.0,1.0,1.0,Industry Job
1645,457,46,1.0,1,1.0,1.0,7.0,Industry Job
1646,475,81,1.0,1,1.0,1.0,7.0,Further Studies
1647,4,147,1.0,0,0.0,0.0,0.0,
1648,21,222,1.0,0,0.0,0.0,0.0,
1649,415,15,1.0,1,0.0,0.0,0.0,
1650,149,121,1.0,0,0.0,0.0,0.0,
1651,488,78,1.0,0,0.0,0.0,0.0,
1652,25,295,1.0,0,0.0,0.0,0.0,
1653,487,241,1.0,0,0.0,0.0,0.0,
1654,143,18,1.0,0,0.0,0.0,0.0,
1655,245,256,1.0,1,1.0,1.0,10.0,Further Studies
1656,419,277,1.0,1,1.0,1.0,9.0,Academic Position
1657,433,27,1.0,1,1.0,1.0,7.0,Research Role
1658,43,2,1.0,1,1.0,1.0,8.0,Research Role
1659,425,295,1.0,1,1.0,1.0,4.0,Research Role
1660,293,239,1.0,0,0.0,0.0,0.0,
1661,185,13,1.0,1,1.0,1.0,9.0,Started Company
1662,42,184,1.0,0,0.0,0.0,0.0,
1663,431,194,1.0,1,1.0,1.0,1.0,Academic Position
1664,92,56,1.0,1,0.0,0.0,0.0,
1665,317,230,1.0,1,1.0,1.0,8.0,Research Role
1666,398,28,1.0,1,1.0,1.0,3.0,Started Company
1667,324,71,1.0,1,0.0,0.0,0.0,
1668,53,210,1.0,1,1.0,1.0,1.0,Started Company
1669,84,184,1.0,0,0.0,0.0,0.0,
1670,34,41,1.0,1,0.0,0.0,0.0,
1671,76,260,1.0,1,1.0,1.0,2.0,Industry Job
1672,353,84,1.0,0,0.0,0.0,0.0,
1673,408,46,1.0,0,0.0,0.0,0.0,
1674,404,159,1.0,1,1.0,1.0,6.0,Started Company
1675,197,7,1.0,0,0.0,0.0,0.0,
1676,486,136,1.0,0,0.0,0.0,0.0,
1677,286,183,1.0,1,1.0,1.0,5.0,Further Studies
1678,88,197,1.0,0,0.0,0.0,0.0,
1679,235,172,1.0,1,0.0,0.0,0.0,
1680,232,276,1.0,1,1.0,1.0,3.0,Started Company
1681,7,78,1.0,1,1.0,1.0,9.0,Further Studies
1682,292,178,1.0,0,0.0,0.0,0.0,
1683,38,27,1.0,1,1.0,1.0,8.0,Further Studies
1684,464,120,1.0,1,1.0,1.0,3.0,Industry Job
1685,52,281,1.0,0,0.0,0.0,0.0,
1686,143,196,1.0,0,0.0,0.0,0.0,
1687,430,277,1.0,1,1.0,1.0,2.0,Industry Job
1688,407,18,1.0,0,0.0,0.0,0.0,
1689,396,295,1.0,1,1.0,1.0,8.0,Started Company
1690,221,271,1.0,0,0.0,0.0,0.0,
1691,428,53,1.0,0,0.0,0.0,0.0,
1692,240,294,1.0,0,0.0,0.0,0.0,
1693,143,52,1.0,1,1.0,1.0,5.0,Industry Job
1694,349,216,1.0,1,1.0,1.0,9.0,Industry Job
1695,493,72,1.0,0,0.0,0.0,0.0,
1696,363,28,1.0,1,1.0,1.0,1.0,Research Role
1697,382,252,1.0,1,0.0,0.0,0.0,
1698,49,35,1.0,1,1.0,1.0,10.0,Started Company
1699,277,201,1.0,1,1.0,1.0,3.0,Started Company
1700,271,249,1.0,1,1.0,1.0,5.0,Started Company
1701,14,99,1.0,1,1.0,0.0,0.0,
1702,298,140,1.0,1,1.0,1.0,2.0,Industry Job
1703,492,83,1.0,1,1.0,1.0,3.0,Industry Job
1704,464,48,1.0,0,0.0,0.0,0.0,
1705,15,278,1.0,0,0.0,0.0,0.0,
1706,234,248,1.0,1,1.0,1.0,4.0,Further Studies
1707,63,177,1.0,1,0.0,0.0,0.0,
1708,196,52,1.0,1,1.0,1.0,4.0,Academic Position
1709,27,79,1.0,1,1.0,1.0,9.0,Academic Position
1710,471,64,1.0,0,0.0,0.0,0.0,
1711,93,8,1.0,1,1.0,1.0,1.0,Academic Position
1712,105,214,1.0,0,0.0,0.0,0.0,
1713,309,25,1.0,0,0.0,0.0,0.0,
1714,52,256,1.0,1,1.0,1.0,9.0,Research Role
1715,319,243,1.0,0,0.0,0.0,0.0,
1716,457,198,1.0,1,1.0,1.0,9.0,Industry Job
1717,181,94,1.0,1,1.0,1.0,6.0,Further Studies
1718,57,207,1.0,0,0.0,0.0,0.0,
1719,120,15,1.0,1,0.0,0.0,0.0,
1720,308,178,1.0,1,1.0,1.0,1.0,Further Studies
1721,363,75,1.0,0,0.0,0.0,0.0,
1722,43,104,1.0,0,0.0,0.0,0.0,
1723,135,294,1.0,1,0.0,0.0,0.0,
1724,373,168,1.0,1,0.0,0.0,0.0,
1725,426,115,1.0,0,0.0,0.0,0.0,
1726,260,39,1.0,0,0.0,0.0,0.0,
1727,197,273,1.0,1,1.0,1.0,6.0,Academic Position
1728,133,135,1.0,1,1.0,1.0,8.0,Research Role
1729,459,232,1.0,0,0.0,0.0,0.0,
1730,255,39,1.0,1,0.0,0.0,0.0,
1731,489,291,1.0,1,1.0,1.0,5.0,Research Role
1732,220,47,1.0,1,1.0,1.0,5.0,Academic Position
1733,336,36,1.0,0,0.0,0.0,0.0,
1734,41,95,1.0,1,1.0,1.0,1.0,Academic Position
1735,478,13,1.0,0,0.0,0.0,0.0,
1736,388,146,1.0,1,0.0,0.0,0.0,
1737,255,65,1.0,1,1.0,1.0,1.0,Industry Job
1738,2,228,1.0,1,1.0,0.0,0.0,
1739,494,242,1.0,1,1.0,1.0,8.0,Research Role
1740,195,8,1.0,1,1.0,1.0,5.0,Further Studies
1741,242,43,1.0,1,1.0,1.0,8.0,Academic Position
1742,149,244,1.0,0,0.0,0.0,0.0,
1743,198,181,1.0,1,0.0,0.0,0.0,
1744,299,85,1.0,0,0.0,0.0,0.0,
1745,245,155,1.0,0,0.0,0.0,0.0,
1746,338,275,1.0,1,1.0,1.0,10.0,Industry Job
1747,108,23,1.0,1,0.0,0.0,0.0,
1748,453,115,1.0,1,1.0,1.0,2.0,Further Studies
1749,393,299,1.0,1,1.0,1.0,4.0,Research Role
1750,212,99,1.0,1,1.0,1.0,10.0,Academic Position
1751,156,104,1.0,1,0.0,0.0,0.0,
1752,26,51,1.0,0,0.0,0.0,0.0,
1753,82,112,1.0,1,1.0,0.0,0.0,
1754,83,244,1.0,1,1.0,1.0,9.0,Academic Position
1755,131,169,1.0,1,0.0,0.0,0.0,
1756,329,72,1.0,0,0.0,0.0,0.0,
1757,100,139,1.0,1,1.0,1.0,3.0,Industry Job
1758,256,231,1.0,0,0.0,0.0,0.0,
1759,479,239,1.0,0,0.0,0.0,0.0,
1760,49,253,1.0,0,0.0,0.0,0.0,
1761,401,49,1.0,0,0.0,0.0,0.0,
1762,63,72,1.0,1,1.0,1.0,6.0,Industry Job
1763,311,263,1.0,1,1.0,1.0,7.0,Research Role
1764,407,222,1.0,0,0.0,0.0,0.0,
1765,290,77,1.0,1,1.0,0.0,0.0,
1766,105,62,1.0,1,0.0,0.0,0.0,
1767,105,157,1.0,1,1.0,1.0,3.0,Academic Position
1768,325,294,1.0,1,0.0,0.0,0.0,
1769,15,125,1.0,1,1.0,0.0,0.0,
1770,175,229,1.0,1,1.0,1.0,1.0,Industry Job
1771,259,161,1.0,1,1.0,1.0,2.0,Academic Position
1772,211,29,1.0,1,1.0,1.0,10.0,Research Role
1773,412,114,1.0,1,0.0,0.0,0.0,
1774,259,79,1.0,1,1.0,1.0,7.0,Academic Position
1775,102,23,1.0,1,1.0,1.0,7.0,Further Studies
1776,260,106,1.0,1,1.0,1.0,1.0,Academic Position
1777,344,131,1.0,1,0.0,0.0,0.0,
1778,159,173,1.0,0,0.0,0.0,0.0,
1779,45,264,1.0,1,1.0,1.0,10.0,Started Company
1780,443,285,1.0,0,0.0,0.0,0.0,
1781,301,2,1.0,0,0.0,0.0,0.0,
1782,251,233,1.0,0,0.0,0.0,0.0,
1783,331,251,1.0,1,1.0,0.0,0.0,
1784,165,108,1.0,1,1.0,1.0,7.0,Started Company
1785,193,276,1.0,1,0.0,0.0,0.0,
1786,9,180,1.0,1,0.0,0.0,0.0,
1787,401,213,1.0,1,1.0,0.0,0.0,
1788,374,293,1.0,1,1.0,1.0,10.0,Research Role
1789,65,72,1.0,1,0.0,0.0,0.0,
1790,387,283,1.0,1,1.0,1.0,6.0,Research Role
1791,495,175,1.0,0,0.0,0.0,0.0,
1792,282,123,1.0,1,1.0,1.0,6.0,Research Role
1793,181,227,1.0,1,1.0,1.0,7.0,Further Studies
1794,415,83,1.0,1,1.0,1.0,7.0,Further Studies
1795,282,253,1.0,1,1.0,1.0,1.0,Academic Position
1796,279,146,1.0,1,1.0,1.0,10.0,Industry Job
1797,30,120,1.0,1,1.0,1.0,5.0,Started Company
1798,266,65,1.0,1,1.0,1.0,8.0,Started Company
1799,328,281,1.0,1,1.0,1.0,8.0,Started Company
1800,492,283,1.0,0,0.0,0.0,0.0,
1801,217,106,1.0,1,1.0,1.0,3.0,Academic Position
1802,320,300,1.0,1,1.0,1.0,3.0,Academic Position
1803,406,107,1.0,1,1.0,0.0,0.0,
1804,399,36,1.0,1,1.0,1.0,7.0,Research Role
1805,379,147,1.0,0,0.0,0.0,0.0,
1806,105,262,1.0,0,0.0,0.0,0.0,
1807,184,159,1.0,1,1.0,1.0,4.0,Industry Job
1808,330,265,1.0,1,1.0,1.0,6.0,Research Role
1809,148,202,1.0,0,0.0,0.0,0.0,
1810,105,155,1.0,0,0.0,0.0,0.0,
1811,47,13,1.0,1,1.0,1.0,9.0,Academic Position
1812,87,297,1.0,0,0.0,0.0,0.0,
1813,309,85,1.0,0,0.0,0.0,0.0,
1814,437,280,1.0,1,1.0,1.0,10.0,Further Studies
1815,129,245,1.0,1,0.0,0.0,0.0,
1816,258,300,1.0,1,1.0,1.0,2.0,Research Role
1817,314,9,1.0,0,0.0,0.0,0.0,
1818,147,247,1.0,1,1.0,1.0,2.0,Academic Position
1819,446,278,1.0,1,1.0,1.0,6.0,Academic Position
1820,462,238,1.0,0,0.0,0.0,0.0,
1821,72,203,1.0,0,0.0,0.0,0.0,
1822,486,247,1.0,0,0.0,0.0,0.0,
1823,140,235,1.0,0,0.0,0.0,0.0,
1824,410,81,1.0,0,0.0,0.0,0.0,
1825,27,13,1.0,1,1.0,1.0,3.0,Further Studies
1826,29,16,1.0,1,1.0,1.0,1.0,Further Studies
1827,271,45,1.0,1,1.0,1.0,2.0,Further Studies
1828,174,139,1.0,1,1.0,1.0,7.0,Industry Job
1829,253,148,1.0,0,0.0,0.0,0.0,
1830,385,236,1.0,1,1.0,1.0,4.0,Academic Position
1831,60,191,1.0,0,0.0,0.0,0.0,
1832,107,101,1.0,1,1.0,1.0,2.0,Further Studies
1833,220,105,1.0,0,0.0,0.0,0.0,
1834,441,250,1.0,1,1.0,0.0,0.0,
1835,259,94,1.0,1,0.0,0.0,0.0,
1836,371,220,1.0,0,0.0,0.0,0.0,
1837,146,298,1.0,1,0.0,0.0,0.0,
1838,52,133,1.0,0,0.0,0.0,0.0,
1839,60,155,1.0,1,1.0,0.0,0.0,
1840,34,28,1.0,1,1.0,1.0,8.0,Industry Job
1841,96,282,1.0,0,0.0,0.0,0.0,
1842,477,116,1.0,1,1.0,1.0,4.0,Started Company
1843,89,234,1.0,0,0.0,0.0,0.0,
1844,316,1,1.0,1,0.0,0.0,0.0,
1845,410,240,1.0,0,0.0,0.0,0.0,
1846,231,58,1.0,1,0.0,0.0,0.0,
1847,456,183,1.0,1,0.0,0.0,0.0,
1848,275,26,1.0,0,0.0,0.0,0.0,
1849,246,77,1.0,1,1.0,1.0,4.0,Started Company
1850,111,217,1.0,1,1.0,1.0,2.0,Started Company
1851,234,262,1.0,0,0.0,0.0,0.0,
1852,278,23,1.0,1,1.0,1.0,1.0,Academic Position
1853,477,244,1.0,1,0.0,0.0,0.0,
1854,417,158,1.0,1,1.0,1.0,1.0,Industry Job
1855,166,206,1.0,0,0.0,0.0,0.0,
1856,128,87,1.0,0,0.0,0.0,0.0,
1857,237,267,1.0,1,1.0,1.0,3.0,Industry Job
1858,494,134,1.0,1,0.0,0.0,0.0,
1859,291,267,1.0,1,1.0,1.0,6.0,Started Company
1860,107,268,1.0,0,0.0,0.0,0.0,
1861,128,53,1.0,1,0.0,0.0,0.0,
1862,195,99,1.0,1,1.0,1.0,7.0,Research Role
1863,339,247,1.0,0,0.0,0.0,0.0,
1864,394,36,1.0,0,0.0,0.0,0.0,
1865,475,28,1.0,1,1.0,1.0,9.0,Started Company
1866,143,220,1.0,1,1.0,1.0,5.0,Academic Position
1867,395,102,1.0,1,1.0,1.0,9.0,Started Company
1868,111,263,1.0,1,1.0,1.0,8.0,Started Company
1869,90,271,1.0,1,1.0,1.0,1.0,Industry Job
1870,251,224,1.0,0,0.0,0.0,0.0,
1871,280,139,1.0,1,1.0,1.0,3.0,Started Company
1872,333,280,1.0,1,1.0,1.0,8.0,Further Studies
1873,224,286,1.0,1,1.0,0.0,0.0,
1874,101,250,1.0,0,0.0,0.0,0.0,
1875,132,78,1.0,1,1.0,1.0,9.0,Further Studies
1876,13,297,1.0,1,1.0,0.0,0.0,
1877,457,13,1.0,0,0.0,0.0,0.0,
1878,441,82,1.0,1,1.0,1.0,4.0,Research Role
1879,497,9,1.0,1,1.0,1.0,6.0,Academic Position
1880,98,213,1.0,1,1.0,1.0,4.0,Academic Position
1881,120,48,1.0,1,1.0,1.0,9.0,Industry Job
1882,293,49,1.0,1,0.0,0.0,0.0,
1883,304,40,1.0,0,0.0,0.0,0.0,
1884,199,280,1.0,1,0.0,0.0,0.0,
1885,1,226,1.0,1,1.0,0.0,0.0,
1886,60,108,1.0,1,1.0,1.0,2.0,Academic Position
1887,250,245,1.0,1,1.0,1.0,6.0,Research Role
1888,140,255,1.0,1,1.0,1.0,3.0,Further Studies
1889,149,33,1.0,0,0.0,0.0,0.0,
1890,395,23,1.0,0,0.0,0.0,0.0,
1891,44,54,1.0,0,0.0,0.0,0.0,
1892,371,49,1.0,0,0.0,0.0,0.0,
1893,186,78,1.0,1,1.0,1.0,10.0,Industry Job
1894,108,122,1.0,1,1.0,1.0,4.0,Further Studies
1895,44,90,1.0,1,0.0,0.0,0.0,
1896,78,193,1.0,0,0.0,0.0,0.0,
1897,226,244,1.0,1,1.0,0.0,0.0,
1898,162,149,1.0,1,1.0,1.0,2.0,Research Role
1899,281,146,1.0,0,0.0,0.0,0.0,
1900,253,141,1.0,1,1.0,1.0,8.0,Industry Job
1901,132,286,1.0,1,0.0,0.0,0.0,
1902,448,111,1.0,1,1.0,1.0,10.0,Started Company
1903,372,108,1.0,1,1.0,1.0,8.0,Academic Position
1904,375,281,1.0,1,1.0,1.0,1.0,Research Role
1905,474,50,1.0,0,0.0,0.0,0.0,
1906,144,14,1.0,1,1.0,1.0,10.0,Industry Job
1907,266,134,1.0,1,1.0,1.0,6.0,Further Studies
1908,109,76,1.0,1,1.0,1.0,1.0,Industry Job
1909,194,84,1.0,1,1.0,1.0,6.0,Started Company
1910,35,158,1.0,1,1.0,1.0,7.0,Research Role
1911,467,286,1.0,1,0.0,0.0,0.0,
1912,390,94,1.0,0,0.0,0.0,0.0,
1913,275,297,1.0,1,1.0,1.0,2.0,Industry Job
1914,187,94,1.0,0,0.0,0.0,0.0,
1915,437,57,1.0,0,0.0,0.0,0.0,
1916,500,164,1.0,1,1.0,1.0,9.0,Research Role
1917,243,98,1.0,1,1.0,1.0,8.0,Research Role
1918,264,16,1.0,1,0.0,0.0,0.0,
1919,462,78,1.0,0,0.0,0.0,0.0,
1920,10,72,1.0,0,0.0,0.0,0.0,
1921,451,270,1.0,0,0.0,0.0,0.0,
1922,166,287,1.0,0,0.0,0.0,0.0,
1923,29,66,1.0,0,0.0,0.0,0.0,
1924,271,68,1.0,1,1.0,1.0,9.0,Further Studies
1925,87,193,1.0,1,1.0,1.0,10.0,Academic Position
1926,23,55,1.0,1,1.0,1.0,4.0,Started Company
1927,210,168,1.0,1,1.0,1.0,4.0,Industry Job
1928,46,25,1.0,0,0.0,0.0,0.0,
1929,467,131,1.0,1,1.0,1.0,8.0,Academic Position
1930,28,102,1.0,0,0.0,0.0,0.0,
1931,26,282,1.0,1,0.0,0.0,0.0,
1932,266,296,1.0,1,1.0,1.0,1.0,Further Studies
1933,175,294,1.0,1,1.0,1.0,8.0,Academic Position
1934,4,263,1.0,0,0.0,0.0,0.0,
1935,311,120,1.0,1,1.0,1.0,7.0,Research Role
1936,322,231,1.0,0,0.0,0.0,0.0,
1937,67,291,1.0,0,0.0,0.0,0.0,
1938,135,161,1.0,0,0.0,0.0,0.0,
1939,55,161,1.0,1,1.0,1.0,7.0,Research Role
1940,464,78,1.0,1,1.0,1.0,9.0,Started Company
1941,31,38,1.0,0,0.0,0.0,0.0,
1942,74,28,1.0,1,1.0,1.0,10.0,Industry Job
1943,19,100,1.0,1,1.0,1.0,7.0,Industry Job
1944,156,294,1.0,1,1.0,1.0,2.0,Further Studies
1945,337,124,1.0,1,1.0,1.0,1.0,Started Company
1946,156,92,1.0,1,1.0,1.0,1.0,Industry Job
1947,147,255,1.0,1,0.0,0.0,0.0,
1948,485,97,1.0,1,0.0,0.0,0.0,
1949,87,6,1.0,1,1.0,1.0,7.0,Research Role
1950,20,169,1.0,1,1.0,0.0,0.0,
1951,269,271,1.0,0,0.0,0.0,0.0,
1952,333,108,1.0,0,0.0,0.0,0.0,
1953,43,299,1.0,0,0.0,0.0,0.0,
1954,395,47,1.0,1,1.0,1.0,5.0,Started Company
1955,432,99,1.0,0,0.0,0.0,0.0,
1956,399,14,1.0,1,1.0,1.0,4.0,Academic Position
1957,401,194,1.0,1,0.0,0.0,0.0,
1958,438,157,1.0,1,1.0,1.0,5.0,Started Company
1959,306,154,1.0,1,1.0,1.0,10.0,Started Company
1960,28,115,1.0,1,1.0,1.0,10.0,Industry Job
1961,467,258,1.0,1,1.0,1.0,6.0,Further Studies
1962,260,145,1.0,1,1.0,1.0,10.0,Further Studies
1963,22,291,1.0,0,0.0,0.0,0.0,
1964,470,10,1.0,1,1.0,1.0,6.0,Industry Job
1965,375,214,1.0,1,1.0,1.0,1.0,Industry Job
1966,101,233,1.0,1,0.0,0.0,0.0,
1967,39,171,1.0,1,1.0,1.0,2.0,Industry Job
1968,290,21,1.0,1,0.0,0.0,0.0,
1969,353,15,1.0,0,0.0,0.0,0.0,
1970,300,126,1.0,1,1.0,1.0,3.0,Further Studies
1971,170,213,1.0,0,0.0,0.0,0.0,
1972,296,188,1.0,0,0.0,0.0,0.0,
1973,353,172,1.0,1,1.0,1.0,4.0,Industry Job
1974,396,247,1.0,1,1.0,1.0,6.0,Academic Position
1975,130,5,1.0,0,0.0,0.0,0.0,
1976,156,231,1.0,1,0.0,0.0,0.0,
1977,74,201,1.0,1,1.0,1.0,9.0,Academic Position
1978,342,149,1.0,1,1.0,1.0,2.0,Research Role
1979,465,72,1.0,1,1.0,1.0,8.0,Academic Position
1980,90,226,1.0,1,1.0,1.0,9.0,Started Company
1981,67,74,1.0,0,0.0,0.0,0.0,
1982,455,169,1.0,1,0.0,0.0,0.0,
1983,236,249,1.0,0,0.0,0.0,0.0,
1984,200,280,1.0,1,1.0,1.0,2.0,Research Role
1985,468,152,1.0,1,1.0,1.0,9.0,Academic Position
1986,332,224,1.0,1,1.0,1.0,7.0,Started Company
1987,227,225,1.0,0,0.0,0.0,0.0,
1988,465,38,1.0,0,0.0,0.0,0.0,
1989,348,44,1.0,1,1.0,1.0,9.0,Academic Position
1990,233,185,1.0,1,1.0,1.0,6.0,Started Company
1991,266,241,1.0,1,1.0,1.0,2.0,Industry Job
1992,86,210,1.0,0,0.0,0.0,0.0,
1993,102,23,1.0,1,1.0,1.0,8.0,Started Company
1994,441,124,1.0,0,0.0,0.0,0.0,
1995,481,86,1.0,0,0.0,0.0,0.0,
1996,214,43,1.0,1,1.0,1.0,10.0,Industry Job
1997,108,40,1.0,1,1.0,1.0,9.0,Started Company
1998,165,169,1.0,0,0.0,0.0,0.0,
1999,461,175,1.0,0,0.0,0.0,0.0,
2000,91,20,1.0,1,1.0,1.0,8.0,Started Company
